# --- Sample dataset

# --- !Ups


insert into categoria (id,name) values (  1,'Manifetaciones Culturales');
insert into categoria (id,name) values (  2,'Sitios Naturales');
insert into categoria (id,name) values (  3,'Paramos y Aventuras');
insert into categoria (id,name) values (  4,' ');
insert into categoria (id,name) values (  5,' ');
insert into categoria (id,name) values (  6,' ');
insert into categoria (id,name) values (  7,' ');
insert into categoria (id,name) values (  8,' ');
insert into categoria (id,name) values (  9,' ');
insert into categoria (id,name) values (  10,' ');

insert into subcategoria (id,name,categoria_id) values (  1,'Aconteciminetos Programados',1);
insert into subcategoria (id,name,categoria_id) values (  2,'Etnográficas',1);
insert into subcategoria(id,name,categoria_id) values  ( 3,'Históricas',1);
insert into subcategoria (id,name,categoria_id) values (  4,'Realizaciones Científicas y Técnicas',1);

insert into subcategoria (id,name,categoria_id) values (  5,'Aguas Subterráneas',2);
insert into subcategoria (id,name,categoria_id) values (  6,'Fenómenos Espeleológicos y Geologicos',2);
insert into subcategoria (id,name,categoria_id) values (  7,'Montañas y Planicies',2);
insert into subcategoria (id,name,categoria_id) values (  8,'Ríos',2);
insert into subcategoria (id,name,categoria_id) values (  9,'Sistema de Áreas Protegidas',2);

insert into subcategoria (id,name,categoria_id) values (  10,'Páramos',3);
insert into subcategoria (id,name,categoria_id) values (  11,'Rutas',3);

insert into subcategoria (id,name,categoria_id) values (  60,' ',4);
insert into subcategoria (id,name,categoria_id) values (  12,' ',4);
insert into subcategoria (id,name,categoria_id) values (  13,' ',4);
insert into subcategoria (id,name,categoria_id) values (  14,' ',4);
insert into subcategoria (id,name,categoria_id) values (  15,' ',4);
insert into subcategoria (id,name,categoria_id) values (  16,' ',4);
insert into subcategoria (id,name,categoria_id) values (  17,' ',4);
insert into subcategoria (id,name,categoria_id) values (  18,' ',4);
insert into subcategoria (id,name,categoria_id) values (  19,' ',4);
insert into subcategoria (id,name,categoria_id) values (  20,' ',4);
insert into subcategoria (id,name,categoria_id) values (  21,' ',4);
insert into subcategoria (id,name,categoria_id) values (  22,' ',4);
insert into subcategoria (id,name,categoria_id) values (  23,' ',4);
insert into subcategoria (id,name,categoria_id) values (  24,' ',4);
insert into subcategoria (id,name,categoria_id) values (  25,' ',4);
insert into subcategoria (id,name,categoria_id) values (  26,' ',4);
insert into subcategoria (id,name,categoria_id) values (  27,' ',4);
insert into subcategoria (id,name,categoria_id) values (  28,' ',4);
insert into subcategoria (id,name,categoria_id) values (  29,' ',4);
insert into subcategoria (id,name,categoria_id) values (  30,' ',4);
insert into subcategoria (id,name,categoria_id) values (  31,' ',4);
insert into subcategoria (id,name,categoria_id) values (  32,' ',4);
insert into subcategoria (id,name,categoria_id) values (  33,' ',4);
insert into subcategoria (id,name,categoria_id) values (  34,' ',4);
insert into subcategoria (id,name,categoria_id) values (  35,' ',4);
insert into subcategoria (id,name,categoria_id) values (  36,' ',4);
insert into subcategoria (id,name,categoria_id) values (  37,' ',4);
insert into subcategoria (id,name,categoria_id) values (  38,' ',4);
insert into subcategoria (id,name,categoria_id) values (  39,' ',4);
insert into subcategoria (id,name,categoria_id) values (  40,' ',4);
insert into subcategoria (id,name,categoria_id) values (  41,' ',4);
insert into subcategoria (id,name,categoria_id) values (  42,' ',4);
insert into subcategoria (id,name,categoria_id) values (  43,' ',4);
insert into subcategoria (id,name,categoria_id) values (  44,' ',4);
insert into subcategoria (id,name,categoria_id) values (  45,' ',4);


insert into canton (id,nomcanton ) values (  1,'Latacunga');
insert into canton (id,nomcanton ) values (  2,'Salcedo');
insert into canton (id,nomcanton ) values (  3,'Pujilí');
insert into canton (id,nomcanton ) values (  4,'La Maná');
insert into canton (id,nomcanton ) values (  5,'Pangua');
insert into canton (id,nomcanton ) values (  6,'Saquisilí');
insert into canton (id,nomcanton ) values (  7,'Sigchos');

insert into parroquia (id,name,canton_id) values (  1,'La Matriz.',1);
insert into parroquia (id,name,canton_id) values (  2,'Ignacio Flores.',1);
insert into parroquia (id,name,canton_id) values (  3,'Eloy Alfaro',1);
insert into parroquia (id,name,canton_id) values (  4,'Juan Montalvo',1);
insert into parroquia (id,name,canton_id) values (  5,'San Buenaventura',1);
insert into parroquia (id,name,canton_id) values (  6,'Toacaso',1);
insert into parroquia (id,name,canton_id) values (  7,'Pastocalle',1);
insert into parroquia (id,name,canton_id) values (  8,'Mulaló',1);
insert into parroquia (id,name,canton_id) values (  9,'Tanicuchi',1);
insert into parroquia (id,name,canton_id) values (  10,'Guaytacama',1);
insert into parroquia (id,name,canton_id) values (  11,'Aláquez',1);
insert into parroquia (id,name,canton_id) values (  12,'Poaló',1);
insert into parroquia (id,name,canton_id) values (  13,'Once de Noviembre',1);
insert into parroquia (id,name,canton_id) values (  14,'Belisario Quevedo',1);
insert into parroquia (id,name,canton_id) values (  15,'Jose Guango Bajo.',1);
insert into parroquia (id,name,canton_id) values (  50,'Romerillos.',1);

insert into parroquia (id,name,canton_id) values (  16,'San Miguel',2);
insert into parroquia (id,name,canton_id) values (  17,'Antonio Jose Holguín',2);
insert into parroquia (id,name,canton_id) values (  18,'Cusubamba',2);
insert into parroquia (id,name,canton_id) values (  19,'Mulalillo',2);
insert into parroquia (id,name,canton_id) values (  20,'Mulliquindi',2);
insert into parroquia (id,name,canton_id) values (  21,'Panzaleo',2);
insert into parroquia (id,name,canton_id) values (  51,'La Matriz',2);


insert into parroquia (id,name,canton_id) values (  22,'Angamarca',3);
insert into parroquia (id,name,canton_id) values (  23,'Guangaje',3);
insert into parroquia (id,name,canton_id) values (  24,'La Victoria',3);
insert into parroquia (id,name,canton_id) values (  25,'Pilalo',3);
insert into parroquia (id,name,canton_id) values (  26,'El Tingo',3);
insert into parroquia (id,name,canton_id) values (  27,'Zumbahua',3);
insert into parroquia (id,name,canton_id) values (  28,'La Matriz',3);
insert into parroquia (id,name,canton_id) values (  29,'Apahua',3);

insert into parroquia (id,name,canton_id) values (  30,'Guasaganda',4);
insert into parroquia (id,name,canton_id) values (  31,'Pucayacu',4);
insert into parroquia (id,name,canton_id) values (  32,'El Carmen',4);
insert into parroquia (id,name,canton_id) values (  33,'El Triunfo',4);
insert into parroquia (id,name,canton_id) values (  34,'La Matriz',4);

insert into parroquia (id,name,canton_id) values (  35,'El Corazón',5);
insert into parroquia (id,name,canton_id) values (  36,'Moraspungo',5);
insert into parroquia (id,name,canton_id) values (  37,'Ramon Campana',5);
insert into parroquia (id,name,canton_id) values (  38,'Pinllopata',5);
insert into parroquia (id,name,canton_id) values (  48,'San Blas',5);

insert into parroquia (id,name,canton_id) values (  39,'Cochapamba',6);
insert into parroquia (id,name,canton_id) values (  40,'Canchagua',6);
insert into parroquia (id,name,canton_id) values (  41,'Chantillin',6);
insert into parroquia (id,name,canton_id) values (  42,'La Matriz',6);
insert into parroquia (id,name,canton_id) values (  49,'Poaló',6);

insert into parroquia (id,name,canton_id) values (  43,'Chugchilán',7);
insert into parroquia (id,name,canton_id) values (  44,'La Pampas',7);
insert into parroquia (id,name,canton_id) values (  45,'Palo Quemado',7);
insert into parroquia (id,name,canton_id) values (  46,' La Matriz',7);
insert into parroquia (id,name,canton_id) values (  47,'Isinliví',7);

insert into turismo (id,name,description,direccion,foto,categoria_id,subcategoria_id,canton_id,parroquia_id) values (100001,'FIESTAS DEL CARNAVAL DE LA MANA','La Fiesta del folclor, y la alegría es el carnaval,y gracias a uno de los alcaldes del cantón hace unos años atrás se inició la festividad con la participación de comparsas locales y nacionales, teniendo una respuesta inmediata y una gran acogida, integrándola asi, a su cultura y su forma de vivir el carnaval. Estas fiestas duran de 2 a 3 días, con actividades para todo ámbito social niños,adultos, personas con capacidades especiales y jóvenes, todos disfrutan de las fiestas, entre los principales eventos esta la elección de la reina de Carnaval, Camisetas mojadas, La señorita de los ojitos bonitos y las piernas bonitas además por las noches realizan shows bailables con artitas reconocidos a nivel nacional e internacional. También se realizan ferias gastronómicas , de turismo, artesanales, juegos tradicionales, torneo de citas, rodeos montubios, entre otras actividads que ponen en relieve la elegria y el folklor de estas festividades.','A 212 m.s.n.m','895.png',1,1,4,33);
insert into turismo (id,name,description,direccion,foto,categoria_id,subcategoria_id,canton_id,parroquia_id) values (100002,'MAMA NEGRA','Es la fiesta con la cual los habitates de la cuida de Latacunga celebran año tras año el aniversario de su independencia o fiestas política. Es un desfile de personajes populares,militares, civiles, eclesiásticos etc. cada uno de los personajes son escogidos por su desempeño y labores que realizan cada año,aunque no siempre estan todos los personajes que participan en la Mama Negra del 23 y 24 de septiembre. Su organización se encuentra a cargo del GAD Cantonal mediante jochas a las instituciones públicas, La Mama Negra es la figura central de esta fiesta, va cabalgando con donaire y maestría , ataviada con ricos ropajes típicos entre los que se destacan grandes faldones, blusa bordada, adornos y herosos pañolones que son cambiados en cada esquina del recorrido, con la ayuda de dos personas, mientras que una tercera porta un maletín lleno de estas prendas en gama completa de colores y modelos','Su recorrido avanza hasta la avenida Unidad Nacional','1562.png',1,1,1,1);
insert into turismo (id,name,description,direccion,foto,categoria_id,subcategoria_id,canton_id,parroquia_id) values (100003,'FIESTAS DE NAVIDAD LOS CAPORALES','Esta festividades se realizan en Navidad del 22 al 25 de Diciembre, dirigida por dos priostes llamados El Compadre y La Comadre, como una tradición antigua en adoración el Ñino Jesús con la ayuda de los Yuras quienes se encargan de los Caporales, los yumbos,las chinas, los loantes,ellos buscanlos disfraces y participates para representarlos. Además un Yura especial para la banda de músicos , y un Yura del árbol de la Navidad, a esto se suman otros personajes como la doña, el renguante, la guaricha y el payaso','A 36 km de Apahua y una altitud de 2882 m.s.n.m','1559.png',1,1,3,21);
insert into turismo (id,name,description,direccion,foto,categoria_id,subcategoria_id,canton_id,parroquia_id) values (100004,'FESTIVIDADES DE LA VIRGEN DEL QUINCHE','Las Festividades se llevan acabo en la cabecera cantonal de Saquisilí, por las principales calles de la ciudad . La realización de las actividades programadas está a cargo del Comité de Fiestas del Cantón, sta festividad tiene casi un mes de duración, con diferentes eventos en los 36 barrios, las instituciones educativas y deportivas. Se llevan a cabo actividades populares y pricipalmente religiosas, acompañadas de toros de pueblo, música de banda, juegos pirotécnicos, show artísticos, bailes populares, posadas con la Imagen de la Virgen, El tradicional toro de matanza donado por el Prioste Mayor y el Saludo de Buenos Días a todos los Barrios. El evento de mayor concurrencia, los realizan el primer sábadp de febrero en que e desarrolla el desfile de confraternidad, con la participación de todos los Saquisilences en un desfile multicolor. Y el último día se lleva a cabo la Misa de fiestas en honor a la Virgen del Quinche con una procesión por las principales calles de la ciudad.',' A 31 km del Cantón Latacunga a una altitud de 2922 m.s.n.m','443.png',1,1,6,48);
insert into turismo (id,name,description,direccion,foto,categoria_id,subcategoria_id,canton_id,parroquia_id) values (100005,'PISTA DE PARAPENTE PROTERILLO','Se desarrollan eventos programados por los clubes de parapente existentes en la Porvincia de Cotopaxi, quienes practican este deporte, ási como también algunas operadoras de turismo ofertan esta actividad, en dos pistas de tierra, con una diensión de 3 m por 10 m aproximadamente, en el Cerro Putzalahua.','A 9 km del centro de Belisario Quevedo','793.png',1,1,1,14);


insert into turismo (id,name,description,direccion,foto,categoria_id,subcategoria_id,canton_id,parroquia_id) values (100006,'DANZANTES DE PUJILÍ','El Danzante es el protagonista más representativo de las celebraciones del Corpus Cristi en Pujilí, se tiene diversas teorías sobre su orígen, pero una de las más acogidos dice que tiene sus raíces en el antiguo Capac Citua o baile de los militares, el Danzante, Tushug o Sacerdote de la lluvia , baila en agradecimiento y alegría por la cosecha del maíz, representando movimientos rituales de guerra en honor al Inca o Cacique principal, se expresa también que los movimientos de sus brazos y el ritmo del baile hacen referencia al cóndor andino, en el pasado llevaba en su mano derecha una planta de maíz, costumbre transformada en la Colonia mediante el uso del Alfanje o sable El Danzante como personaje de gran valor cultural inmaterial forma parte de las diferentes fiestas en la zona, y mantiene una estrecha relación  con la música caracterizada del bombo y pingulo, quienes mantienen aún esta tradición y conocimiento, se ubican principalmente en sectores como Alpamalag de la parroquia Matriz, asi también en otros como Guangaje y Tigua, en base a su riqueza cultural ha sido declarado como Patrimonio Cultural Intangible del Ecuador del 11 de Abril de año 2002.','Centro de Pujili','1603.jpg',1,2,3,47);
insert into turismo (id,name,description,direccion,foto,categoria_id,subcategoria_id,canton_id,parroquia_id) values (100007,'GASTRONOMÍA TIPICA DE PUJILÍ','Uno de los principales platos es el “hornado”, que viene acompañado de tostado, plátano maduro, mote y tortillas de papa, y su precio varía entre USD 3,00 Y USD 5,00 este plato es vendido los días sábado y domingos en el horario de 09h00 a 17hoo en el mercado central.Otro de platos típicos es el “caldo de menudo”, que se lo realiza con intestino y páncreas de cerdo , el caldo tiene leche y va acompañado de picadillo, su valor es de USD 2,00 el igual que las “morcillas” que son intestinos de cerdo rellenos con una mezcla dulce de col, arroz, pasas y varias especias.','Centro de Pujili ','1600.jpg',1,2,3,47);
insert into turismo (id,name,description,direccion,foto,categoria_id,subcategoria_id,canton_id,parroquia_id) values (100008,'ARTESANÍAS EN MINIATURA DE PUJILÍ','La familia Olmos, es una de las familias que ha desarrollado esta técnica y otras diferentes, continuando con la tradición de elaborar diversos tipos de objetos utilitarios, ornamentalmente, juguetes y otros del cantón Pujilí, desde hace ya varios años se elaboran estas artesanías en miniatura y hacen referencia al nombre de Pujilí, con una de sus significados “tierra de juguetes” Parte del conocimiento es familiar ya que tienen alrededor de la quinta generación elaborando este tipo de artesanías,  sus obras de arte siempre son elaboradas con motivo de las fiestas del cantón, los pueblos rurales, los danzantes, músicos, vacas locas y otras tradiciones . Uno de los puntos de exposición y venta se encuentra ubicado en la esquina del parque central de la cabecera cantonal de Pujilí, y otro a unas 3 cuadras del terminal terrestre , vía a Latacunga, así también varias familias distribuidas en diferentes sitios de la ciudad elaboran este tipo de piezas, especialmente para las Feria de Finados que se lleva a cabo en el mes de noviembre.','Centro de Pujili junto al Parque','1597.jpg',1,2,3,47);
insert into turismo (id,name,description,direccion,foto,categoria_id,subcategoria_id,canton_id,parroquia_id) values (100009,'ALFARERÍA LA VICTORIA','La mayoría de artesanos de la cerámica en la parroquia tienen una historia de herencia familiar en cuanto a la elaboración de objetos de barro, ya que las técnicas del trabajo con el barro han sido transmitidas por medio de la observación y la practica el ayudar en los talleres familiares.  Se conoce que desde antes de la conquista ya existía la alfarería en el sector, los principales productos que se elaboraban eran tinajas y ollas, sin embargo no tenían una técnica específica y fue después de la llegada de la Misión Andina por los años 70, gracias a la instalación de un taller, que este conocimiento se ha ido desarrollando técnicamente. En la actualidad existen contados artesanos que aun trabajan el barro en tornos artesanales y producen objetos utilitarios, adornos, juguetes, entre otros, siendo el lugar más representativo el sector de El Tejar de la Parroquia La Victoria.',' A 10 Km de Zumbagua en la vía Zubahua-Pujilí','1594.jpg',1,2,3,23);



insert into turismo (id,name,description,direccion,foto,categoria_id,subcategoria_id,canton_id,parroquia_id) values (100013,'ZONA GASTRONÓMICA DE PANZALEO','En este sector muy conocido gastronómicas desde 1998 se venden las conocidas fritada, en alrededor de 11 locales y 4 de estos también ofrecen los deliciosos cuyes asados. Anteriormente se faenaban a los animales en los mismos locales, y era común mirar al chancho colgado de la puerta, actualmente este proceso se lleva a cabo en el camal municipal garantizando la seguridad alimentaria. Después del faenamiento del chancho, la carne se la deja reposaren agua una noche, después se cocina la carne con aliños naturales, como ajo, cebolla blanca, cebolla colorada durante una hora, luego se retira la carne y se la pone a dorar en la grasa del propio cerdo, en pailas de  bronce que ayudan a que La cocción sea más efectiva. Se sirve con papas, maduro y ensalada. El cuy asado, se acompaña con papas, con salsa, aguacate y ensalada. ','Latacunga-Ambato','1582.jpg',1,2,2,51);


insert into turismo (id,name,description,direccion,foto,categoria_id,subcategoria_id,canton_id,parroquia_id) values (1000014,'PaARQUE NÁUTICO "LAGUNA IGNACIO FLORES"','Por el año 1850 era una llanura con fuentes naturales de agua, de uso agropecuario y lavanderías de ropa para las familias nobles, sobre la cual en 1920 se construyó la laguna artificial, que tiene forma ovalada, con un “islote” al cual se accede por un puente ornamental de diseño moderno.En su entorno se ha añadido facilidades como una tarima de madera para espectáculos, juegos infantiles, máquinas de ejercicios al aire libre, biblioteca, área infantil lúdica, espacios verdes, señalización, ciclo vías adoquinadas de 4 m de acho alrededor del parque, iluminación nocturna de la laguna, basureros ecológicos, sitios de descanso como bancas, mesas y una pista peatonal para quienes disfrutan de caminatas.','Sector MiraFlores','796.png',1,4,1,2);
insert into turismo (id,name,description,direccion,foto,categoria_id,subcategoria_id,canton_id,parroquia_id) values (1000015,'MIRADOR SHALALÁ','Esta obra técnica constituye una verdadera oportunidad para ofrecer al visitante la opción de apreciar la Lagua de Quilotoa desde el punto más alto y prominente de la caldera en el cráter en que esta se forma.Desde el punto de vista arquitectónico, constituye una estructura austera que busca integrarse al entorno, formada por una unidad estructural de acero recubierta con madera que se mimetiza en los colores de la naturaleza. Integrada por una plataforma que se extiende hacia el interior del cráter desde si borde y un graderío que sigue la inclinación del declive natural, ofrece una vista privilegiada provocado contemplación y vértigo.Ofrece elementos de protección que a la vez facilitan la visibilidad del entorno, por esto, se utiliza únicamente vidrios de seguridad en los bordes abiertos, a esto se suma el sendero que lleva al mirador con bordes de piedra y relleno de grava, señalética y recolectores de basura que brindan las facilidades para su uso y aprovechamiento.','Borde de la Laguna Quilotoa','1639.jpg',1,4,3,28);
insert into turismo (id,name,description,direccion,foto,categoria_id,subcategoria_id,canton_id,parroquia_id) values (1000016,'CENTRO RECREACIONAL NAGSICHE','Su infraestructura se encuentra conformada por dos piscinas, una grande, cuya característica especial es su piso de madera que permite la circulación del agua, y una piscina para niños al lado sur, cuenta con camerinos, área de duchas, construcción en la que se ha implementado un salón de eventos con todas las facilidades, cuenta también con dos puentes peatonales que permiten el acceso desde la ciudad por una ruta de caminatas y ciclismo, se complementa con canchas de básquet, vóley e indor.','A 1.3 Km al noroeste del Parque de Panzleo','349.png',1,4,2,51);
insert into turismo (id,name,description,direccion,foto,categoria_id,subcategoria_id,canton_id,parroquia_id) values (1000017,'PRODUCCIÓN DE QUESOS DE LA PARROQUIA CHUGCHILÁN','La producción quesera en la parroquia y especialmente en el sector de Chinaló tuvo su origen en los proyectos implementados por organizaciones no gubernamentales como OMG “Operación Mato Grosso” con la utilización de técnicas suizas, lo cual ha atraído la atención de turistas, nacionales y degustar sus productos.A partir de estos emprendimientos varias asociaciones comunitarias desarrollan actividades en torno a la producción de lácteos en la parroquia, con el trabajo productivo que incluye, la obtención de crema, elaboración de helados y productos de quesos, que consiste en la recolección de leche en un tanque al cual se añade un fermento natural y cuajo hasta formar una cuajada que se corta con una lira y se deja en reposo por cinco minutos, para luego batir la mezcla y sacar el suero, dejando la masa con la que finalmente se arman los quesos en moldes.','En la Comunidad de Chinaló','383.png',1,4,7,43);
insert into turismo (id,name,description,direccion,foto,categoria_id,subcategoria_id,canton_id,parroquia_id) values (1000018,'PRODUCCIÓN DE CHOCHO DE LA PARROQUIA CHUGCHILÁN','Principalmente las comunidades de Guayama San Pedro, Guayama Grande y otros lugares de la parroquia se dedican a la producción de chocho, a partir de la intervención de varias ONGs, entre ellas CESA y Maquita Cushunchic para la conformación de redes de producción y comercialización.Para obtener el producto procesado que sale a la venta se adquiere el chocho fresco que pasa por un proceso de secad, luego es lavado y colocado en el tanque de hidratación por 24 horas, se cocina durante 45 minutos a una temperatura de 92° C, luego se pasa al tanque de enfriamiento, una vez cocinado se selecciona y se cambia de agua 3 veces diarias durante 7 días, finalmente pasa a ser clasificado y empacado en varias presentaciones.','Vía Sigchos – Chugchilán','379.png',1,4,7,4);


insert into turismo (id,name,description,direccion,foto,categoria_id,subcategoria_id,canton_id,parroquia_id) values (1000019,'AGUAS TERMALES DE ALUCHÁN','Es una fuente de agua termal que nace al pie de una montaña con un caudal de cinco litros por segundo aproximadamente. La temperatura del au¡gua es mayor a 30 °C, no presenta características de color ni sabor y tiene cantdades muy bajas de hierro, la cual es conducida hacia una piscina construida de piedra y cemento que tiene forma de un corazón.','Este recurso se encuentra ubicado a 28 km de Pujilí, tomando la vía a Cusubamba, a una altitud de 3401 m.s.n.m.','Aguas Termales de Aluchan.jpg',2,5,2,18);
insert into turismo (id,name,description,direccion,foto,categoria_id,subcategoria_id,canton_id,parroquia_id) values (1000020,'LAGUNA DE LIMPIOPUNGO','Es el resutado morfológico de los lahares del Cotopaxi, es decir que se ha formado por el derretimiento súbito del casquete de hielo y nieve, al ponerse en contacto con flujos proplasticos y/o lava. Sus características físicas demuestran que se trata de una laguna mesotrófica, por tanto, su agua es un tanto turbia exepto en la parte céntrica y profunda donde conserva una tonalidad azl, su temperatura promedio es de 10 °C. Esta laguna es el hábitad natural de gaviotas andinas (Larus Serranus), gallaretas (Fúlica sp), pato andino (Anas andhun) y gligles (Vanellus resplendens). Se observa vegetacion arbustiva y especies de fauna como conejos y lobos de páramo, así como el vuelo de quilicos (Falco sparverius) y curiquingues (Phalcoboenus caruncullatus).','Se encuentra ubicada a 21 km de la Parroquia Mulaló, a una altitud de 3834 m.s.n.m','limpiopungo.jpg',2,5,1,8);
insert into turismo (id,name,description,direccion,foto,categoria_id,subcategoria_id,canton_id,parroquia_id) values (1000021,'LAGUNA DE YAMBO','Yambo es una laguna de origen pluvial, en sus contornos posee diferentes vertientes, se estima que en una parte más profunda puede alcanzar los 150 m, mide aproximadamente 1000 m de longitud por 400 m de ancho, el agua tiene una coloración turquesa algo amarillenta (dependiendo de la refracción de la luz del sol sobre el agua), de cerca se puede observar que el agua es turbia debido a los minerales disueltos, y la falta de circulación de la misma, se constituye en un humedal con gran densidad de aves acuáticas, la temperatura del agua ascila entre los 8 a 21°C. La laguna se encuentra alimentada por diferentes vertientes, y no existe un desfogue para que el agua fluya, por tanto el espejo de agua está incrementando su nivel, se calcula que sube aproximadamente 10 cm por año, lo cual justifica que al lado sur exista una cabaña abandonada y sumergida, se afirma que el agua de las vertientes es curativa. En la parte nororiental existen actualmente instalaciones que brindan servicios de alimentación, primordialmente los fines de semana.','Se encuentra ubicada a 7 km de la cabecera cantonal de Salcedo, junto a la carretera E35, en la parroquia Panzaleo, a una altitud de 2596 m.s.n.m','yambo.png',2,5,2,21);
insert into turismo (id,name,description,direccion,foto,categoria_id,subcategoria_id,canton_id,parroquia_id) values (1000022,'COMPLEJO LLANGANATI LAGUNAS DE ANTEOJOS','El complejo lacustre comprende un conjunto de lagunas de origen glaciar alimentadas por rios y riachuelos o inundaciones estacionales, entre los cuales se destacan un par de lagnas con una singular forma unidas por un riachuelo que asemejan a unos anteojos. La zona es reconocida a nivel internacional como sitio Ramsar, por tres factores principales: la rareza única del área, dada por las formaciones geológicas de diferentes edades y orígenes, que conforman un paisaje único y 11 subcomplejos de humedales correspondientes a 8 de los tipos de humedales considerados por la Convención de los Humedales de Ramsar, la presencia de especies vulnerables o en peligro de extinción y comunidades ecológicamente amenazadas, además la importancia de especies vegetales y/o animales para mantener la biodiversidad de una región biogeográfica. El sitio está rodeado de vegetación de páramo de pajonales y almohadillas, resistentes a los cambios extremos de temperatura, y las especies de fauna como conejos, lobos de páramo, truchas, diferentes tipos de aves como mirlos, curiquingues, entre otras.','Se ubica en el páramo oriental del Cantón Salcedo dentro del Parque Nacional Llanganates, en los límites de la Provincia de Napo, a una altitud de 3967 m.s.n.m.','lagunadeanteojos.jpg',2,5,2,'20');
insert into turismo (id,name,description,direccion,foto,categoria_id,subcategoria_id,canton_id,parroquia_id) values (1000023,'LAGUNA DE QUILOTOA','La laguna ubicada en el cráter del volcán inactivo, forma parte de la Reserva Ecológica Los Ilinizas. El color de sus aguas varía entre azul y verde debido a la gran cantidad de minerales, y la reflaxión de la luz solar. La temperatura del agua ascila entre -1 y 16 °C, se calcula que tiene una profundidad de 250 m y 3 km de diámetro, el cono, donde actualmente se encuentra la laguna, fue formada por la acumulación alternativa de los flujos de lava y material piroplástico. Desde el lado occidental de la laguna se puede apreciar la transición vegetal de páramo a bosque húmedo y el inicio del Cañón del Río Toachi, se puede descender hasta Guayama por un sendero de arena o recorrer la ruta que bordea el cráter hasta salir al sector de Ponce Quilotoa en la parroqia Zumbahua, y para personas que les interesa caminatas más extensas se toma una ruta de trekking hacia Isinliví.',' La laguna se encuentra ubicada en el Cantón Sigchos, Parroquia Chugchilán, mientras que una parte del cráter del volcán pertenece a Guangaje y Zumbahua','quilotoa.jpg',2,5,7,40);

insert into turismo (id,name,description,direccion,foto,categoria_id,subcategoria_id,canton_id,parroquia_id) values (1000024,'CUEVA MINUS UCTU','La Cueva Minus Uctu tiene una entrada de 5 m de altura, al pie de un cerro que tiene una figura de catedral gótica, formada por la acción de viento sobre las paredes rocosas, se puede acceder con facilidad en una distancia de 7 m aproximadamente hasta el inicio de un precipicio que se estima una profundidad de 500 m. La tradición oral de los pobladores señala que hay una planicie dentro de la cueva y una laguna o rio subterráneo que se relaciona con algunas historias y creencias de la población. En los exteriores, se observa un sendero construido por los comuneros al igual que una imitación de un "Churo Pucará" de 10 m de radio por 3 m de altura y el paisaje extenso cubierto de pajonal','Se localiza a 3 km de la Comunidad Apahua, de la Parroquia Pilaló, a 3892 m.s.n.m.','cuevaminus.jpg',2,6,3,25);
insert into turismo (id,name,description,direccion,foto,categoria_id,subcategoria_id,canton_id,parroquia_id) values (1000025,'LAGUNA DE QUILOTOA','La laguna ubicada en el cráter de un volcán inactivo, forma parte de la Reserva Ecológica Los Ilinizas, con una altura máxima de  3940 m.s.n.m. (cima de la caldera). El color azul - verdoso de sus aguas se debe a la gran cantidad de minerales, por o que no es aconsejable para su consumo, la temperatura del agua ascila entre los 16 y -1 °C, tiene una profundidad de 250 m y 3 km de diámetro aproximadamente. El cono, donde actualmente se encuentra la laguna, fue formado por la acumulación alternativa de los flujos de lava y material piroplástico. Este compuesto de piedra pómez, lapilli y ceniza, predomina por completo sobre las lavas, lo que se puede observar claramente en las paredes interiores de la caldera. En su acceso por la comunidad de Ponce de la parroquia Zumbahua, se puede encontrar servivios de alimentación, hospedaje y actividades recreativas, alquiler de kayaks y galería artesanal a través de a Organización de Turismo Comunitario.','La laguna se encuentra ubicada en las franjas LIMÍTROFES CON GUANGAJE Y ZUMBAHUA, delimitadas por las cumbres y quebradas que bordéan al cráter a los lados sur, suroriente y suroccidente, al norte de la Parroquia Chugchilán','quilotoa.jpg',2,6,2,18);
insert into turismo (id,name,description,direccion,foto,categoria_id,subcategoria_id,canton_id,parroquia_id) values (1000026,'MIRADOR CAÑÓN DEL TOACHIi','El cañón de Toachi nace en la la Comunidad de Michacalá de la parroquia Zumbahua, posiblemente se formó producto de fuertes terremotos que se sucitaron en la zona hace más de cinco mil años. La característica principal de este recurso es su fragilidad en la superficie del terreno, causada por acción del viento, y su contextura es arenosa, desértica con poca cobertura vegetal. Los principales puntos de parada para la contemplación de las fallas geológicas que dan lugar a un prominente presipicio, están ubicadas en Pucausha, Ponce, Pilapuchín, Cachiyacu y en las colinas de los alrededores.','Se encuentra ubicada a 4 km del centro parroquial de Zumbahua, a una altitud de 3497 m.s.n.m.','cañondel toachi.jpg',2,6,3,27);
insert into turismo (id,name,description,direccion,foto,categoria_id,subcategoria_id,canton_id,parroquia_id) values (1000028,'COLUMNAS DE TANGÁN','El sitio se caracteriza especialmente por unas impresionantes estructuras de piedra en un orden y formas características que asemejan grandes columnas de 1 m de ancho con espacios entre sí, y altura entre 30 m y 100 m, sobre las cuales se encuentran establecidas rutas de escalada. Forman parte de una propiedad privada, que fue adquirida en e año 1990 por el Sr. Milton Uribe, quien las descubrio en compañía de sus trabajadores en el año 1992, mientras buscaba madera, a partir de eso, el sitio y su denominación de Columnas de Tangán fueron tomando importancia con el paso del tiempo y la visita de turistas nacionales y extranjeros (Chile, Canadá, Colombia, Alemania, Argentina entre otros). Actualmente recibe visitas de nacionales y extranjeros, aficionados y expertos en escalada deportiva.','Las columnas se encuentran cercanas a los ejes de acceso de la vía secundaria Cerro Azul - Asache ingresando por el sector de Las Manzanas','columnas.jpg',2,6,7,47);

insert into turismo (id,name,description,direccion,foto,categoria_id,subcategoria_id,canton_id,parroquia_id) values (1000029,'NEVADOS ILINIZAS','Constituye un hermoso conjunto montañoso formado por dos elevaciones empinadas: Iliniza Norte (5126 m.s.n.m.) de estructura rocosa y sin nieve permanente, para escalar es necesario contar con equipo técnico, en caso que haya nieve, y desde la cima si el tiempo lo permite se podrá admirar las montañas como el Iliniza Sur, Cotopaxi, Corazón, Rumiñahui, Pasochoa, entre otros. El Iliniza Sur (5263 m.s.n.m.) es una montaña más difícil de escalar por lo que requiere de gran habilidad y destreza. Desde el refugio toma cuatro horas llegar a la cumbre en una travesía de aventura y resistencia ya que existen grietas y pendientes de hasta 70 grados de inclinación. Los nevados forman parte de la Reserva Ecológica Ilinizas y cuenta con gran diversidad biológica.','En los cantones atacunga y Sigchos, se encuentra ubicado a 20 km de la parroquia Toacaso, a una altitud de 5263 m.s.n.m.','ilinizas.jpg',2,7,1,6);
insert into turismo (id,name,description,direccion,foto,categoria_id,subcategoria_id,canton_id,parroquia_id) values (1000030,'CERRO PUTZALAHUA','Es un cerro de forma cónica alargada al que se le atribuye un origen volcánico. Desde el mirador ubicado en la cima, se tiene una vista panorámica de la Avenida de los Volcanes, las ciudades de Latacunga, Salcedo y parte del Parque Nacional Llanganates. El 60% de la vegetación está representada por pajonales y especies como romerillo, chuquirahua, zapatito, entre otras. También se encuentran conejos, quilicos, mirlos, tórtolas y variedad de mariposas.','Esta ubicado a 14 km de Belisario Quevedo con una altitud de 3523 m.s.n.m.','putzalahua.jpg',2,7,1,14);
insert into turismo (id,name,description,direccion,foto,categoria_id,subcategoria_id,canton_id,parroquia_id) values (1000031,'VOLCÁN COTOPAXI, Geología e historia','Es el estrato volcánico más alto y activo del mundo, situado en el Nudo de Tiopullo, su base es circular de aproximadamente 20 km de diámetro y posee un perfecto cono que le da una belleza única, cubierto de glaciares y un manto de surcos profundos y en direcciones radiales que divide la superficie del edificio volcánico en sectores elevados. Su forma se ha ido perfeccionando con las acciones provocadas tanto por los procesos eruptivos explosivos, como por los largos periodos de descanso. En el período histórico se han registrado 8 erupciones desde el año 1534 en que se dió la primera erupción, la segunda erupción en junio de 1742, la tercera el 9 de diciembre 1743, la cuarta erupción el 30 de noviembre de 1744, la quinta el 6 de septiembre de 1750, la sexta el 10 de febrero de 1768, la séptima erupción el 4 de abril de 1768, y la octava el 26 de junio de 1877','El volcán Cotopaxi se ubica en la Cor dillera Central de los Andes Ecuatorianos, entre el volcán apagado Sincholagua, el Rumiñahui y el Quilindaña con una altitud de 5897 m.s.n.m.','cotopaxi.jpg',2,7,1,8);
insert into turismo (id,name,description,direccion,foto,categoria_id,subcategoria_id,canton_id,parroquia_id) values (1000032,'COMPLEJO MONTAÑOSO THZIRIMATZI','Esta conformado por franjas montañosas de singular características con diversas formas y tamaños, que convierten a este conjunto rocoso y escarpado en un sitio privilegiado para apreciar sus formas geológicas naturales y místicas en un ecosistema de páramo. Estas características hacen del sitio un espectáculo de panoramas de valles altos y cordilleras montañosas, agrupa a los macizos rocosos conocidos como Thzirimatzi, Talicrumy, Pucaujshamatzi y otras escarpas que se encuentran dentro de este conjunto de montañas, en donde se ha implementado una ruta de escalada que lleva el nombre de la comunidad, Cocha Uma. El macizo rocoso Thzirimatzi, tiene aproximadamente 30 m de altura medidos desde su base, posee en su base una cueva de dos niveles, y en su parte frontal se aprecia una formación natural que asemeja a dos rostros humanos y una cabeza zoomorfa, similar a la de un Gorila con su copete.','Se encuentra a 8 km de la parroquia Zumbahua, a una altitud de 3935 m.s.n.m.','thzirimatzi.jpg',2,7,3,27);
insert into turismo (id,name,description,direccion,foto,categoria_id,subcategoria_id,canton_id,parroquia_id) values (1000033,'MIRADOR CHINALÓ BAJO','El sitio, forma parte del Circuito Turístico Zumbahua - Chugchilán para apreciar una vista del cañón del Toachi, cuenta con facilidades turísticas como es una caseta de 2,50 m por 2 m, baranda de seguridad de madera de 10 m de longitud, basureros y señalética de información, construidas a base de madera. El entorno cuenta con diferentes especies vegetales arbóreas, arbustivas y herbáceas como chocho, chilca, paja, milin, sigse, pino, tilo, kikuyo, floripondio, lechero y especies pertenecientes a las familias fabáceas y asterácea.','Se encentra ubicado a 15 minutos de la vía Cochaló - Sigchos, a una altitud de 2966 m.s.n.m.','chinalobajo.jpg',2,7,7,40);
insert into turismo (id,name,description,direccion,foto,categoria_id,subcategoria_id,canton_id,parroquia_id) values (1000034,'MIRADOR DE TRUPAMBA','Desde este punto se puede observar al Nevado de Los Ilinizas, el Cañón de Río Toachi, los picos de la caldera que forma la Laguna de Quilotoa en todo su esplendor y parte del bosque subtropical, zonas de cultivo de chocho, papa, cebada, trigo, maíz entre otras que vsrían de color verde oscuro a amarillo, el sector se caracteriza por la presencia de fuertes vientos. Se debe seguir la carretera de tercer orden hacia la parroquia Pucayacu, desde Chugchilán, el entorno muestra una gran biodiversidad de flora como paja, falso chocho, sigse, milin, entre otros.','Se encuentra ubicado a 5 km del centro de la parroquia Chugchilán, a una altitud de 3532 m.s.n.m.','turupamba.jpg',2,7,7,40);
insert into turismo (id,name,description,direccion,foto,categoria_id,subcategoria_id,canton_id,parroquia_id) values (1000035,'VALLE DE ALTURA MICHACALÁ','La planicie en la que se encuentre la comunidad Michacalá tiene un cima húmedo debido a las bajas temperaturas y la frecuente formación de neblina, los suelos del valle son de barro negro y en su parte baja se localizan cultivos primordialmente de cebolla. Una característica del lugar es que los linderos de las propiedades están formados por paredes (muros de tierra) de aproximadamente 1 m de altura, dispersas en la planicie. El paisaje cultural tradicional de páramo que aún se mantiene genera un atractivo exepcional, debido a la conservación de viviendas tradicionales "chozas" hechas por paredes de tapial y cubiertas de paja, sin ventanas y con una sola puerta, este tipo de construccion permite el mantenimeinto de calor dentro de la misma, y las llamadas "chaki wasi" que son chozas ubicadas en las pendientes de terreno, de las cuales se aprovecha el corte en la montaña como parte de las paredes, y se les recubre con paja.','Se encuentra ubicada a 7 km del centro parroquial Zumbahua, a una altitud de 3684 m.s.n.m.','michacala.jpg',2,7,3,27);

insert into turismo (id,name,description,direccion,foto,categoria_id,subcategoria_id,canton_id,parroquia_id) values (1000036,'CASCADA TINIEBLAS','El nombre de la cascada se debe a que está ubicada en el sector del mismo nombre. Hay indicios de que se trata del producto de una erupción volcánica, de composición rocosa - lava solidificada. En su parte más prolongada tiene una caída de unos 120 m, con una pendiente de sesenta grados, formando tres pozos de entre 2 y 4 m de diámetro, y una poza de 10 m de longitud por 2 m de ancho aproximadamente, con una profundidad de 4 m dando forma a una piscina natural que es muy visitada por los pobladores locales.','Se encuentra ubicada en la parroquia Pucayacu, a 6 km del centro, cuenta con un clima de sub trópico, a una altitud de 715 m.s.n.m.','cascadatinieblas.jpg',2,8,4,29);
insert into turismo (id,name,description,direccion,foto,categoria_id,subcategoria_id,canton_id,parroquia_id) values (1000037,'SIETE CASCADAS DEL ZAPANAL','Se encuentran conformadas por siete cascadas de diferente tamaño y forma, entre las que están: Chorrera San Martín con una caída de gran fuerza, Chorrera Escondida, ya que está oculta entre grandes piedras, La MUerte, con una altura aproximada de 80 m, El Amor, que se ha convertido en un refugio para los novios, El Tobogán, la que más disfrutan los bañistas por las formas de sus piedras que asemejan un tobogán natural, La Tina de Piedra y la Piedra de los arrepentidos con una vista privilegiada del bosque que las circundan. Todas las cascadas se encuentran en una extensión aproximada de 1 km y con una temperatura que bordea los 25 °C, enla que se puede observar la flora y fauna de la zona. En el trayecto, a la altura de la cascada El Tobogán se puede conseguir bcadillos y bebidas que las expenden la gente de la comunidad. La Asociación de Turismo Comunitario El Zapatal se encuentra realizando actividades recreativas y prestando servicios para el aprovechamiento de su potencial turístico.','Se encuentran ubicadas en el Cantón Pangua a 14 km del Cantón La Mana, forma parte del territorio perteneciente a la Parroquia Moraspungo.','sietecascadas.jpg',2,8,5,34);
insert into turismo (id,name,description,direccion,foto,categoria_id,subcategoria_id,canton_id,parroquia_id) values (1000038,'CASCADA MILAGRO','Al lado izquierdo de la carretera se observa una pequeña caída de agua, sobre una pared de roca, de aproximadamente 10 m y otra de unos 70 m de altura siguiendo un corto sendero que atraviesa al riachuelo hasta una poza en la base de la cascada entre dos montañas y rodeada y rodeada de un pequeño remanente de bosque primario con especies con palma, arbustos y epífitas. Actualmente en el ingreso, junto a la carretera se adecuado una pequeña zona de parqueo y senderos para el ingreso a la cascada.','Se encuentra en la Parroquia El Tingo a 1,4 km de la Hidroeléctrica "El Estado" vía a La Mana, a una altitud de 892 m.s.n.m.','cascadamilagro.jpg',2,8,3,26);
insert into turismo (id,name,description,direccion,foto,categoria_id,subcategoria_id,canton_id,parroquia_id) values (1000039,'CASCADA DEL OSO','Tiene una caída de 120 m aproximadamente, formando en su base una poza de 2,5 m con una temperatura de 10 °C, la cascada esta ubicada dentro de la Reserva Ecológica Los Ilinizas y su nombre se debe a la existencia de osos de anteojos (Tremarctos ornatus). En el entorno se puede encontrar gran variedad de flora como: sangre de drago (Croto urucurana Baillon), caoba (Swietenia macrophylla King), canelo (Drimys winteri), bejuco (Gouania lupuloides). En fauna se puede encontrar además de los osos de anteojos, pumas, guantas, tucán, pájaro toro y monos aulladores. En el recorrido existen tambien otras cascadas menores, conocidas como Las Águilas y Las Gradas.','Está ubicada a 14 km de distancia de la Parroquia El Tingo La Esperanza, a una altitud de 780 m.s.n.m.','cascadadeloso.jpg',2,8,3,26);
insert into turismo (id,name,description,direccion,foto,categoria_id,subcategoria_id,canton_id,parroquia_id) values (1000040,'CASCADA DE LOMAPÍ','En el sitio se puede observar 3 cascadas, la más alta ubicada en un nivel superior,tiene una altura de unos 15 m, la segunda de una similar altitud, y la tercera es de unos 5 m. Hacia abajo se puede observar 2 caídas más de agua de alrededor de 4 m, forman unos mantos blandos de agua , los mismos que disminuyen o aumentan dependiendo de la temperatura del clima, si es invierno o verano (mayo a octubre). Para poder llegar a las cascadas de San Marcos Lomapi, se debe caminar alrededor de 1,5 horas desde la vía carrosable, por el costado del río, gran parte del camino está cubierto por piedras que han sido arrastradas por la corriente, y a unos 20 m de distancia se observan sembrios de banano, caña de azúcar y pastizales. Es un sitio de gran potencial turístico aunque las facilidades son mínimas, sin embargo la gente de la localidad usa las "cochas o pailones" formadas por el agua, para bañarse despues de una agradable excursión en medio del bosque.','Se encuentra ubicada en la parroquia Chugchilán, pero su mejor vía de acceso es por el Recinto El Palmar del Cantón Pujilí, esta a 1070 m.s.n.m.','cascadalomapi.jpg',2,8,7,40);

insert into turismo (id,name,description,direccion,foto,categoria_id,subcategoria_id,canton_id,parroquia_id) values (1000041,'PARQUE NACIONAL COTOPAXI','El Parque Nacional Cotopaxi es el primero a nivel continental y el segundo a nivel nacional después del Parque Nacional Galápagos, creado el 11 de Agosto de 1975 y declarado Parque Nacional dentro del Sistema Nacional de Áreas Protegidas el 26 de Julio de 1979. Tiene una superficie total de 33.393 hectáreas, su rango altitudinal comprende desde los 3200 hasta los 5897 m.s.n.m. La precipitación anual promedio es de 1072 mm, y su temperatura media es de 7,7 °C con nevadas entre mayo y septiembre, por la irregularidad del terreno presenta microclimas que dan origen a una variedad de flora y fauna determinadas por las zonas de vida Bosque muy húmedo Montano, Páramo pluvial Sub-alpino, Tundra pluvial Alpina y Nival. La fauna esta represenada principalmente por aves acuaicas - pato puntaneo, pato enmascarado, andarios solitario, gallareta de escudo, marrón, chorlito dorado menor, garcita bueyera, es frecuente encontrar curiquingues, veraneros, gigles, cóndores, guarros, gavilanes dorsirojo, gaviotas andinas, perdiz de páramo, gavilán dorsirojo, quilico, lechuza de campanario, compadre gaspar, quinde ubillus fino, chungui grande, chirote, mirlo grande, azulejo, entre las aves además de algunos mamíferos como, raposa, ratón marsupial, musaraña, murcielago orejudo andino, conejo silvestre, ratón de campo, entre otras especies. En el Parque Nacional se encuentran la Laguna de Limpiopungo y el Volcán Rumiñahui, las visitas también incluyen las Lagunas de Santo Domingo y Cajas, El Manantial, Peñas Blancas y las Ruinas arqueológicas de Salitre. Dentro de las fcilidades que ofrece, encontramos el Centro de Interpretación, guardianías de ingreso y áreas de acampar.','Ubicado en la zona volcánica más grande del Ecuador a 19 km del centro parroquial de Mulaló y 60 km de la Ciudad de Quito.','parquecotopaxi.jpg',2,9,1,8);
insert into turismo (id,name,description,direccion,foto,categoria_id,subcategoria_id,canton_id,parroquia_id) values (1000042,'ÁREA NACIONAL DE RECREACION EL BOLICHE','Fue creada mediante Acuerdo Interministerial No. 0322, publicado en el Registro Oficial No. 69, del 26 de julio de 1979 con 1077 hectáreas y 7000 adyacentes, pero a partir de 1996, la superficie del área se redujo a 375,58 hectáreas. Se encuentra en una zona que corresponde al Bosque muy húmedo montano (Cañadas 1983), está poblado por un bosque de pno y vegetación arbustiva típica como romerillo (Hypericum laricifolium), chilca (Baccharis latifolia), pumamaqui (Oreopanax ecuadorensis), quishuar (Buddleja incana) sacha chocho (Lupinus pubescens), mortiño (Vaccinium floribundum) zapatitos (Calceolaria lojensis), orejas de conejo (Stachis lanata), entre otros. Y las prinicpales especies de fauna son conejos de páramo, lobos y venados, así tambien aves como el curiquingue (Phalcoboenus caruncullatus), el quilico (Falco sparverius) y el guarro (Garanoaetus malenoleucos). Cuenta con infraestructura para camping, picnic, zona de juegos infantiles, cabañas de alojamiento, restaurante, un centro de interpretación ambiental de las cuatro regiones del Ecuador, bajo la Administración del Ministerio del Ambiente, en coordinación con el Ministerio de Turismo y Empresa de Ferrocarriles del Ecuador para la visita turística.','Se encuentra ubicado a 20 km del centro parroquial de Mulaló de cantón Latacunga, a una altitud de 3580 m.s.n.m.','elboliche.jpg',2,9,1,8);
insert into turismo (id,name,description,direccion,foto,categoria_id,subcategoria_id,canton_id,parroquia_id) values (1000043,'RESERVA ECOLÓGICA Y PARQUE BOTÁNICO PINLLOPATA','Son alrededor de 600 hectáreas, 400 de estas son protegidas desde el 15 de junio del 2010, declaradas como bosque protector por el Ministerio del Ambiente, bajo la resolución No. MAE-PSB-1-2010-4-062. Dentro de este sitio más conocido como Rancho Escondido, existe una construcción semejante a un conjunto ceremonial pre-Inca, además una cascada llamada El Rincón de tus Ensueños" que tiene sus paredes laterales "labradas" rectangularmente, de esta salen canales de agua hechas de piedra (granito) labrada, únicas en el sector. Además en el centro de la poza se puede apreciar una piedra redonda gigante, considerada como sab¡grada, de aproximadamente 5 m de diámetro. El bosque típico de esta zona alberga especies como nogal, palma de ramos, colorado fino, jimbil rojo, colca, guayusa, heecho y una gran variedad de orquídeoas.','Se encuentra ubicado dentro del Bosque Rancho Escondido, a una altitud de 2818 m.s.n.m.','parquebotanico.jpg',2,9,5,36);

insert into turismo (id,name,description,direccion,foto,categoria_id,subcategoria_id,canton_id,parroquia_id) values (1000044,'CERRO MORURCO','Se encuentra a 4920 m.s.n.m  El cerro Morurco, que es también denominado Cabeza del Inca, por las torres de roca que conforman su perfil, es parte física del Volcán Cotopaxi y de hecho es el remanente del antiguo edificio volcánico que se destruyó en el Pleistoceno. El Morurco tiene una estructura de pilares unidos por pequeños collados que descienden en un sentido norte-sur desde las morenas meridionales del Cotopaxi. El clima es particularmente frío por la presencia de los glaciares de aquella montaña. Si bien el paisaje es de mesetas colmadas paralelas a amplias quebradas, hacia el oriente se hunde la topografía en la región de Vallevicioso, base del Quilindaña. La vía de acceso es aquella que va desde la población de Mulaló, al sitio Ticatilín hasta un pequeño refugio al pie de los arenales de la quebrada Burrohuaycu, en el interior del micro valle cerrado de San Elías (3.726 m.s.n.m.: 1 hora desde Mulaló).','Ubicada en la cara sur del Cotopaxi','morurco.jpg',3,10,1,8);
insert into turismo (id,name,description,direccion,foto,categoria_id,subcategoria_id,canton_id,parroquia_id) values (1000045,'CERRO PUTZALAHUA','El Cerro Putzalahua constituye un verdadero mirador hacia la Cuidad de Latacunga, la misma que contrasta con los cultivos extensos que existen en el entorno del cerro y finalmente la cobertura vegetal típica de páramo.En el cerro Putzalahua la cobertura vegetal está caracterizada por pajonal, almohadillas, y helechos muy variados, el estrato herbáceo y arbustivo es representado por especies como el romerillo Hypericum sp, la chuquiragua Chuquiragua jussieui, zapatito Calceolaria sp entre las especies que más sobresalen.Se puede observar quilicos, gralarias y conejos','BELISARIO QUEVEDO','putzalahua.jpg',3,10,1,14);
insert into turismo (id,name,description,direccion,foto,categoria_id,subcategoria_id,canton_id,parroquia_id) values (1000046,'APAHUA','La característica principal que identifica a la comunidad es el frio, la neblina y la lluvia sin embargó este lugar es también considerado un sitio privilegiado en el que a mucha gente le gustaría despertar con el suave silbido del viento, el trinar de los pájaros, respirando aire puro y el cántico de los gallos que se convierten en un despertador en las madrugadas para los comuneros.','PUJILÍ Y LA MANÁ ','apahua.jpg',3,10,3,29);
insert into turismo (id,name,description,direccion,foto,categoria_id,subcategoria_id,canton_id,parroquia_id) values (1000047,'CHURO DE AMANTA','En su cúspide se encuentran ruinas de piedra en forma de cruz,  al contorno de la montaña existen canales o zanjas  y  en ciertos tramos pasos peatonales que permite cruzar las zanjas,  mismas que alcanzan una profundidad variable que oscila entre 2,50cm x 1.80cm. La distancia entre las zanjas es aproximadamente de 20 metros entre una y otra.','SIGCHOS ','amanta.jpg',3,10,7,43);
insert into turismo (id,name,description,direccion,foto,categoria_id,subcategoria_id,canton_id,parroquia_id) values (1000048,'CHURO PUCARA','El Churo Pucara que se encuentra en los páramos del sector de Romerillos a 3800 msnm y a una temperatura de 8 grados centígrados promedio, es una Ruina Incaica que dejaron de herencia nuestros aborígenes y que hasta la actualidad perdura, el nombre de churo tiene por la forma como está construida en forma de caracol, camino que va dando hasta llegar a la cima de la montaña, dentro de él podemos observar el mirador que tiene un alcance a la costa como la ciudad de Quevedo, Empalme, Echandia,como también se puede ver el volcán Chimborazo, cordilleras, colinas y valles.','COCHA ','pucara.jpg',3,10,5,48);
insert into turismo (id,name,description,direccion,foto,categoria_id,subcategoria_id,canton_id,parroquia_id) values (1000049,'MIRADOR YANARUMI – ILINIZAS','Se encuentra ubicada a 17 kilómetros de la parroquia de Poaló en el sector Maca Milinpungo. Desde este punto se puede apreciar la ruta turística de los volcanes destacándose los Ilinizas, Rumiñahui y Cotopaxi. A 10 metros del recurso se puede observar cultivos de cebolla y papa, los cuales hacen más vistoso al recurso. La dificultad de ingreso es baja ya que el vehículo llega a 10 metros del recurso turístico.','MACA MILINPUNGO','yanarumi.jpg',3,10,6,49);
insert into turismo (id,name,description,direccion,foto,categoria_id,subcategoria_id,canton_id,parroquia_id) values (1000050,'PEÑAS BLANCAS','En la parroquia de Toacazo, un páramo de pajonal al que puedes ingresar por el desvió hacia el norte del cerro Wingopana, se encuentran varias formaciones de rocas deleznables que han sido labradas por el viento y demás factores naturales, formaciones de peñascos de hasta 15 metros en la parte inferior, entre caídas empinadas se encuentra un pequeño parche de bosque andino y si te ubicas en un buen lugar podrás observar el perfil del Quilotoa, Chugchilán y del cantón Sigchos. Los lugareños cuentan que dentro de la montaña existen formaciones que dan la impresión de haber sido realizadas por la mano del hombre. En el entorno se puede encontrar una gran variedad de flora entra las más representativas se encuentran: paja, sarcillejo, mortiños.','NORTE DEL CERRO WINGOPANA','penas.jpg',3,10,1,6);
insert into turismo (id,name,description,direccion,foto,categoria_id,subcategoria_id,canton_id,parroquia_id) values (1000051,'CERRO TICSIJUCHI','Se encuentra ubicado a 8 kilómetros del sector de Planchaloma en la parroquia de Toacazo, formando parte de la Reserva Ecológica los Ilinizas, en este lugar se encuentra la cooperativa Rasuyacu – Corazón. Se puede encontrar flora como: chilco, pumamaqui, hoja blanca, guanto negro, guanto blanco, juice blanco, paja, chachacoma, almohadilla, mora silvestre y como fauna representativa tenemos gavilanes, conejos, lobos, halcones, ratones de campo, lagartijas.','SECTOR DE PLANCHALOMA.','ticsijuchi.jpg',3,10,1,14);
insert into turismo (id,name,description,direccion,foto,categoria_id,subcategoria_id,canton_id,parroquia_id) values (1000052,'CERRO SAGUATOA Y PÁRAMO DE MILINPAMBA','Ubicado a 19 kilómetros de Poaló, en el sector denominado Saguatoa (Acchi Vaquería). Desde Poaló se avanza hasta el sector de Milin, el recurso turístico se encuentra a 2 kilómetros. Cuenta con un área de 600 hectáreas siendo ecosistema de páramo cubierto de pajonal. En el sector se aprecia una grieta producto de la ruptura de una roca de una dimensión de 0.50 metros de ancho por 1.50 metros de alto, donde habitan aves como el curiquingue y mamíferos como el lobo de páramo.','SECTOR DENOMINADO SAGUATOA. ','saguatoa.jpg',3,10,1,14);
insert into turismo (id,name,description,direccion,foto,categoria_id,subcategoria_id,canton_id,parroquia_id) values (1000053,'PARAMO DE JITIO','Ubicado a 12 kilómetros del centro parroquial de Mulaló, dentro del Parque Nacional Cotopaxi, una planicie de paramo de pajonal es el sitio ideal si quieres disfrutar de la naturaleza podrás observar especies de flora como almohadilla, romerillo, chilca, árbol de papel, chuquiragua, y más especies, entre la fauna representativa tenemos conejos, tórtolas, gorriones, halcones, además menciona que se puede observar en venados torcazas.','UBICADO A 12 KILÓMETROS DEL CENTRO PARROQUIAL DE MULALÓ','jitio.jpg',3,10,1,12);
insert into turismo (id,name,description,direccion,foto,categoria_id,subcategoria_id,canton_id,parroquia_id) values (1000054,'PÁRAMOS DE LA ASOCIACIÓN TEJAR MIRAFLORES','A 2 kilómetros hacia arriba de la hacienda Pansachi en medio del paisaje de páramo en medio de las montañas, encontrarás una zona de páramo de pajonal muy lluviosa, gran parte del tiempo permanece nublado podrás divisar flora como almohadillas y pinos, esta asociación de la parroquia de Alaquez está trabajando en turismo comunitario ofreciendo actividades como: senderismo, cabalgatas, que tan solo a 1 hora en caballo puedes llegar al cerro el Morro, y si decides tomarte más tiempo, a 2 horas aproximadamente podrás visitar la laguna y cerro Quilindaña.','UBICADO A 2 KILÓMETROS HACIA ARRIBA DE LA HACIENDA PANSACHI.','tejar.jpg',3,10,1,11);
insert into turismo (id,name,description,direccion,foto,categoria_id,subcategoria_id,canton_id,parroquia_id) values (1000055,'RUTA ÁREA NACIONAL EL BOLICHE','Desde Latacunga hasta el área nacional el boliche recomendable viajar en vehículo, óptimo para realizar actividades de ciclismo y caminatas.','AREA DE RECREACIÓN EL BOLICHE.','ruta_boliche.jpg',3,11,1,50);
insert into turismo (id,name,description,direccion,foto,categoria_id,subcategoria_id,canton_id,parroquia_id) values (1000056,'RUTA CERRO PUTZALAHUA','ESte Cerro se encuentra en el refugio putzalahua hasta la cima del putzalahua la distancia es aproximada a 2 km.','2 KM DEL REFUGIO PUTZALAHUA.','ruta_putzalahua.jpg',3,11,1,14);
insert into turismo (id,name,description,direccion,foto,categoria_id,subcategoria_id,canton_id,parroquia_id) values (1000057,'RUTA QUILOTOA','Desde Latacunga hasta laguna del quilotoa recomendable viajar en vehiculo duración del viaje 3 horas se caracteriza por sus paisajes esencial para realizar caminatas en ciertos puntos.','PUEBLO DE ZUMBAHUA, 17 KM AL SUR.','ruta_quilotoa.jpg',3,10,3,27);

insert into turismo (id,name,description,direccion,foto,categoria_id,subcategoria_id,canton_id,parroquia_id) values (1000058,'EDIFICIO DE LA UNIVERSIDAD DE LAS FUERZAS ARMADAS','El edificio de la actual Universidad de la Fuerzas Armadas de Latacunga es una de las más representativas de la cuidad,tantopor su historia,por su diseño cnstructivo proveniente de la época colonial de Latacuga que albergó una fábrica de pólvera.Casa de Artes y Oficios,el Centro de Apredizaje Industrial,el Instituto Tecnológico Superior del Ejércio(ITSE) y como último la ESPE-L,sus paredes han sido testigos de varias gestas patrióticas de la Independecia,donde la pólvora de Latacunga,sirvió para libar varios enfrentamientos armados. Está contruido en base a piedra y piedra pómez con corredores de 3 m de ancho,piso de piedra,cubierta de teja,ventanas y puertas de madera.Sus arcos son de piedra pómez al igual que sus pilares, con jardinez ornamentales anexos y un edificio,espacios deportivos y sociales de la actualidad Universidad de la Fuerzas Armadas.','Se encuentra ubicado en las calles Márquez de Maenza y Quijano y Ordoñez de la Cuidad de Latacunga,a una altitud de 2786 m.s.n.m','espe.jpg',1,3,1,1);
insert into turismo (id,name,description,direccion,foto,categoria_id,subcategoria_id,canton_id,parroquia_id) values (1000059,'MOLINOS MONSERRAT','El edificio fue contruido por los Jesuitas 1676,remodelado en 1736 y 1967 por la Casa de la Cultura Núcleo Cotopaxi,en su tiempo este conjunto arquitectonico aprovechaba el caudal del río Yanayacu para el funcionamiento de un molino de granos, razón por lo cual se construyeron canales,acueductos y represas de piedra,diseñados estrictamente para su buen funcionamiento. En esta construcción de piedra caliza que ha resistido a las erupciones del volcán Cotopaxi,actualmente funciona el Museo Etnográfico que consta de tres salas: arte popular, arqueologico y folklor.Existe adicionalmente una pinacotaca para la exhibición y exposición permanete de artes plásticas. Al interior del museo, detrás de las nuevas escalinadas,se encuetra la imagen dela Virgen de Monserrat hecha sobre piedra,se aprecia que la Virgen sostiene a 2 niños, un niño sentando sobre su brazo izquierdo y otro niño de pie tras del primero.En el Edificio funciona tambien una biblioteca,un ágora,dos módulos dedicados a talleres para teatro,pintura,titeres,dibujo y cursos de modelaje,oficinas administrativas entre otras espacios.','Se encuentra ubicado en el centro de Latacunga en ls Calles Antonia Vela y General Maldonado,a una altitud de 27772 m.s.n.m','molinos.jpg',2,3,1,1);
insert into turismo (id,name,description,direccion,foto,categoria_id,subcategoria_id,canton_id,parroquia_id) values (1000060,'PARQUE VICENTE LEÓN','En el sitio donde se desarrollon las campañas libertadoras, tiene un diseño octagonal sobre la cual en 1900 se trazaron vías peatonales y jardinez,en torno a lo que antiguamete sería una gran pileta,en 1925 se colocó un monumento en honor a Vicente León,filántropo de la ciudad,que fue realizado en Italia,ya que lleva el nombre de este llustre benegactor Latacungueño. Actualmente es un parque remodelado sobre su diseño original,pues consta de diferentes trabajos donde se puede observar que el zócalo es de piedra andesita blanca de cantera,conjuntamente posee un cercado de hierro forjado que lo circunda,al contado sur del parque se encuentra la Catedral,a su alrededor están también los edificios de la Gobernación de la Provincia y el Edificio Municipal','Está ubicado en el corazón de la Cuidad de Latacunga,entre las calles Fernando Sánchez de Orellana y Padre Manuel Salcedo,a una altitud de 2786 m.s.n.m','parque.jpg',1,3,1,1);
insert into turismo (id,name,description,direccion,foto,categoria_id,subcategoria_id,canton_id,parroquia_id) values (1000061,'EDIFICIO DE LA GOBERNACIÓN DE COTOPAXI','Es un edificio de dos plantasen el cual se ha utilizado material volcánico como piedra pómez conjuntamente con pidra de agua, tapia,adobe, y madera, su contrucción se inició en 1910 y concluyó por 1936. En la parte exterior,con vista al parque,se encuentra un parque,se encuentra un pasaje que recorre casi toda la cuadra,soportado por gruesos pilares,la contrucción se presenta como un bloque de dos niveles,teniendo como base en su perimetro exterior las columnas del primer pso.La Parte alta de la segunda planta está terminada por un dintel que sirve debase al Escudo Nacional.El Edificio ha albergado durante los último años a las fuciones y servicios gubernamentales,principalmente las oficionas d la Gobernación de Cotopaxi,yactualmente,se enceuntra en proceso de rehabilitacion como bien patrimonial.','Se encuentra al costo occidental del parque Vicente León,entre las Calles Quito y General Maldonado de la Cuida de Latacunga, a una altitud de 2785 m.s.n.m','gobernacion.jpg',1,3,1,1);
insert into turismo (id,name,description,direccion,foto,categoria_id,subcategoria_id,canton_id,parroquia_id) values (1000062,'EDIFICIO DEL COLEGIO VICETE LEÓN','Fue Creado por el presidente Juan José Flores el 7 de mayo de 1840 y fue inagurado el 24 de mayo de 1977,siendo Rector el Lcdo.Oswaldo Rivera Villavicencio.El conjunto se alza sobre una manzana del centro histórico de la cuidad,a una cuadra de parque con el mismo nombre.Mantiene u estilo sobrio y con rasgos de líneas conventuales de finales del siglo XVIII,con un ambiente armónico y de preposo,tipico de los claustros durante esa época.El segundo ivel se alza en el interior a partit de un juego de columnas dóricas.Reluce allí el busto del filántropo Dr.Vicente León,consagrado a armonizar eternamente la ciencia y la cultura.Adicionalmente.las instalaciones son de gran relevancia,ya en sus claustros se educaron ilustres y sobresalientes hombres de la provinca y del país,como Ignacio de Ventimilla,Antonio Flores Jijón,General Alberto Enríquez Gallo,General Guillermo Lara,Juan Montalvo,BelisarioQuevedo,entre otros personajes.','El edificio está ubicado en la calle Belisario Quevedo,entre Padre Manuel Salcedo y General Maldonado de la Ciudad de Latacunga a 2786 m.s.n.m ','colegio.jpg',1,3,1,1);
insert into turismo (id,name,description,direccion,foto,categoria_id,subcategoria_id,canton_id,parroquia_id) values (1000063,'ESTACIÓN DEL TREN LATACUNGA','La Estación de Tren de Latacunga es una de las paradas ferroviarias más tradicionales el Ecuador.Fue inagurada el 22 de junio de 1907,con la llegada de un tren que partió desde Quito.Desde ese fecha,se destacó por ser el puntointermedio entre Guayaquil y la capital, tambien por ser uno de los centro de acopio y distribución de productos agrícolas como la papa,maiz,cebolla,zanahoriay frutas típicas de la región interandina. Actualmente,la estación está restaurada y habilitada en la ruta de la Avenida de los Volcanes,operada por la Empresa de Ferrocarriles del Ecuador Empresa Pública-FEEP que de jueves a domingo,da vida a esta terminal trayendo visitantes desde la estación de Chimborazo en Quito,pasando por Machachi y El Boliche,antes de arribar a Latacunga,En los Exteriores se puede encontrar diferentes tipos de artesanias en quioscos creados para este fin.','Se encuentra ubicada en la Cuidad de Latacunga,parroquiaurbana Eloy Alfaro,auna altitud de 2693 m.s.n.m.','ten.jpg',1,3,1,3);
insert into turismo (id,name,description,direccion,foto,categoria_id,subcategoria_id,canton_id,parroquia_id) values (1000064,'HACIENDA SAN AGUSTIN DEL CALLO','Constituye un espacio rico en historia,arqueología y de una vista privilegiadahacia el volcán Cotopaxi,se conoce que desde el siglo XV ha sido utilizada como fortaleza y palacio Inca,convenio Agustino y morada de la Misión Geodésica Francesa,residencia y hostería,tal es así,que está formada por varios espacios de estilo Inca Imprerial(palacios y templos del siglo XV),Español-Colonial siglo XVIII y Republicano Siglo XIX. La hacienda pertenece a la familia plaza a partit del año 1921 en que fue comprada por el Gneral Leonidas Plaza Gutiérrez,lider de la Revolución Liberal y presidente del Ecuador 1901 y 1912,al igual que su hijo Galo Plaza(1948).Actualmente contruye una importante Hosteria en el centro del pais,administrada por Mignon Plaza, su nieta,donde se brinda servicios de alojamiento,alimentación,recreación,aprovechamiento de su majestuosidad y paisajismo.','Se encuentra ubicada a 10 kilometros del centro parroquial de Mulaló en el Cantón Latacunga,a una altitud de 3076 m.s.n.m','callo.jpg',1,3,1,8);
insert into turismo (id,name,description,direccion,foto,categoria_id,subcategoria_id,canton_id,parroquia_id) values (1000065,'HACIENDA TILIPUI','Esta contrucción del XVII,constituyó un punto importante  para el desarrollo mercantily textil,ya que funcionaba como un obraje.La edificación está por las columnas redondas en los corredores.Además cuenta con una iglesiacolonial,deominada como "Santuario de además cuenta con una iglesia colonial,denominada como "Santuario" de construida en piedra pómez.material del que está hecha la edificación completa.Cuenta con un patiode piedra que permita el acceso a un pozo de agua cristalina,el reloj de sol.yel sistema de filtradode agua de piedra pómez con carbón. Hoy en dia parte de las instalaciones funcionan como museo del GAD Latacunga ya que pasó a ser de su propiedad desde el añoi de 1979, y actualmente se encontra bajo su administración a través de la Dirección de Cultura.','Se ecuentra ubicada a 1 kilometro del centro parroquia de Poaló del Cantón,a una altitud de 2904 m.s.n.m.','tilipulo.jpg',1,3,1,12);
insert into turismo (id,name,description,direccion,foto,categoria_id,subcategoria_id,canton_id,parroquia_id) values (1000066,'HOSTERIA LA CIÉNEGA','Fue contruida a finales del siglo XV sobre un área pantanosa,es por eso que la contrucción de piedra volcánica de 2 m de espesor,ha resistido los diferentes terremotos que ha sufrido la región durante 400 años.El conjunto principal rodea un jardín interior y una pileta de agua,frenteal área de ingreso se encuentra la Capilla de Nuestra Señora del Rosario.La primera escritura data de 1695 a nombre de Maestre de Campo Don Matheo de la Escalera y Velasco.Hacia el año de 1742,visitaron la hacienda los tres académicos franceses:Carlos Maria de la Condamine,Pedro Bouger y Luis Godín ,en su misión de determinar la verdadera forma de la tierra y su magnitud,quienes entablaron una gran amistad con los Marqués de Maenza,Propietario de La Ciénega en ese entonces,en donde se alojaron,con el ánio tambien de observafr del cerca las erupciones del Cotopaxi.Por la misma época conoció La Ciénega el padre Jesuita Mario Cicala,quién la describe como "una inmesa y riquisima haciendaperteneciente al Marqués de Maenza" y por el año de 1802 La Ciénega tuvo como huésped al ilustre Alexander Von Humboldt.Actualmente sus instalación se encuentran restauradas para recibir visitantes nacionale e internacionales como servicios de alojamiento,restaurantes,bar.','Se encuentra ubicada a 3 kilometros de a Parroquia Tanicuchi del Cantón latacuga,a una altitud de 2919 m.s.n.m','cienega.jpg',1,2,1,9);
insert into turismo (id,name,description,direccion,foto,categoria_id,subcategoria_id,canton_id,parroquia_id) values (1000067,'CENTRO HISTORICO DE LATACUNGA','El Centro Histórico es una reunion de elemtos constructivos y arquitectónicos coloniales levantados a partir de la conquista española,nombrado Patrimonio Cultural del Ecuador en 1982, y comprede conjuntos arquitetónicos de gran testimonio y significancia histórica como:La Catedral,el Templo del Salto,el Templo de Santo Domingocon su plazoleta cuyo valor histórico es reconocido ya que allí los patriotas dominaron a las fuerzas españolas y sellaron la Independencia,el templo de la Merced,los Molinos Monserrat (Casa de la Cultura Núcleo de Cotopaxi),entre los edificios republicanos se destaca el de "Casa de Arte y oficios" (Universidad de la Fuerzas Armadas),dondefuncionó la primera fábrica de pólvora de Ecuador.Abarca alrededor de 30 manzanas en torno al Parque Vicente León,donde se hallan las edificaciones coloniales y republicanas más antiguas dela ciudad que datan del siglo XIX,guardando un trazado dameral(tablero da damas chinas).','Se encuentra en el centro de la Ciudad de Latacunga a una altitud de 2786 m.s.n.m','centro.jpg',1,3,1,1);
insert into turismo (id,name,description,direccion,foto,categoria_id,subcategoria_id,canton_id,parroquia_id) values (1000068,'CATEDRAL DE LATACUNGA','Esua de las edificaciones más representativas de Latacunga,proviene de la época colonial,a mitad del siglo XVII y destruida por el terremoto de 1768,la nueva edificación reconstruida data 1830.En su interior se presenta a un altar trabajado en piedra pómez.posee obras artisticas e imágenes de la épaca de la colonia,la contrucción es de estilo romántico,en el torreón se aprecia un conjunto de campanarios,en los retablos laterales se encuentran las imágenes de la Santísima Virgen,bajo la advocación de El Carmen con el Niño en los brazos y la imagen de San José,patrono de la iglesia.Uno de los aportes del siglo XIX a la contrucción es el pretil de artesania popular,adicionalmente en 1975 fue intervenida para realizar trabajos de restauración y ornamentación.','Se encuetra ubicada en el centro histórico del Cantón Latacunga frente al Parque Vicente León entre las calles General Maldonado y Quito,a una altitud de 2786 m.s.n.m','catedral.jpg',1,3,1,1);
insert into turismo (id,name,description,direccion,foto,categoria_id,subcategoria_id,canton_id,parroquia_id) values (1000069,'IGLESIA LA MERCED','Es el lugar donde se encuentra la Virgen protectora del Volcán "Virgen de La Merced".Su edificación inició en 1648,mediante la solicitud a Felipe VI,construida sobre el plano de una cruz latina de una sola nave con dos cruceros.En el altafr se encuetra una Virgen Mestiza con cabellos humanos muy largos y es conocida como la Virgen del Volcán,sostiene en su brazo izquierdo a Jesús y en el derecho sujeta un cetro. El altar decorado con latécnica de pa de oro.de estilo barroco y bizantino,en una de las paredes se encuentra una imagen que representa la protección de la Virgen a la ciudad de Latacunga de 2 cm de ancho por 2,1 m de altura.las paredes son decoradas con pinturas y vitrales de tipo ojiva.','Se ecuntra ubicada en la parroquia urbana la Matriz del Cantón Latacunga,a una altitud de 2789 m.s.n.m en el centro histórico de la ciudad.','merced.jpg',1,3,1,1);
insert into turismo (id,name,description,direccion,foto,categoria_id,subcategoria_id,canton_id,parroquia_id) values (1000070,'IGLESIA DE SAN AGUSTIN','El templo actual se edificó en 1850,después de la destrucción de varias edificaciones,conocidas iicialmente como San Bernabé, y fue configurado por una sola nave con dos cruceros y una capilla.dos torres gemelas y una cúpula,semejantea la de San Pedro en Roma,laelaboración  instalación de obras pictóricas y esculturales duró 20 años.La iglesia de San Agustín, fue l centro de la campaña de evangelización y adoctrinamiento católico para la ciudad de Latacunga.se conoce que en 1820,su convento estuvo ocupado por Fuerzas militares españolas,sirvio de cuartel a una fracción del batallón.Los Andes cuando se dilucidó la independencia de la ciudad,el Once de Novienbre.En el interior del templo se encuentra un altar mayor con una réplica de la Virgen del Quinche y San Agustín.el altar está contruido en madera y pan de oro,el crucero oeste contiene la escultura del Señor de Los DEsamparados y el crucero este la escultura de "El señor de la Buena Esperanza",el coro de la Iglesia está provisto de un órgano de tubos.','Se ecneutra ubicada en la parroquia urbana La Matriz del Cantón Latacunga,a una altitud de 2785 m.s.n.m en elcentro historico de la ciudad.','agustin.jpg',1,3,1,1);
insert into turismo (id,name,description,direccion,foto,categoria_id,subcategoria_id,canton_id,parroquia_id) values (1000071,'IGLESIA DE SAN FRANCISCO','Un templo construido a inicios del siglo XVII,dedicándole un sitio espacial para el culto de la Inmaculada Conceptual,su construcción data de 1583,la historia narra que concluyó hacia 1620,de su edificio original solo quedó su cúpula ovalada,que fue restaurada en la década de los 60s,cuando se construyó,su ueva nave y fachada principal,esta fue trabajada en piedra pómez tallada con un atractivo campanario con dinteles donde se encuentra una gran campana de bronce.','Se enutra ubicada entre las calles Generales Manuel Maldonado y Manuel de Jesús Quijano y Ordóñez,a una altitud de 2786 m.s.n.m en el centro histórico de la Ciudad de Latacunga','francisco.jpg',1,3,1,1);
insert into turismo (id,name,description,direccion,foto,categoria_id,subcategoria_id,canton_id,parroquia_id) values (1000072,'IGLESIA DE NUESTRA SEÑORA DEL SALTO','La iglesia fue contruida para la veneración de "Nuestra Señora  del Salto",que según la historia apareció entre San Blas y la plaza del Barrio Caliente,cuando las máegenes del río permitían cruzarlo de un salto.donde cierto dia un hombre encontró en el anverso de una piedra una imagen de la Virgen coloreada artisticamente,por los que reverentes a su fe afirmaron que era un milagro de la Señora a la que le bautizaron como "La Peregrina del Salto",la preciosa Perla de Tacunga.En 1710 se contruyó una iglesia improvisada y en 1797 se deterioró gravemente la capilla por lo que se la volvió a rescontruir con dimenciones más reducida en el siglo XIX.','Se encuentra ubicada en el centro de la Cuidad de Latacunga entre las calles Juan Abel Echeveria y Antonio Clavijo,a una altitud de 2787m.s.n.m','salto.jpg',3,11,1,14);
insert into turismo (id,name,description,direccion,foto,categoria_id,subcategoria_id,canton_id,parroquia_id) values (1000073,'IGLESIA DE SANTO DOMINGO','La construcción fue levantada en los años 1634-1635,originalmente tenía una sola torre y la forma de una cruz,era una capilla dedicada a Nuestra Señora del Rosario,atrona de los Terremotos,la eligió en 1690 su devoto el general Luis Sotomayor y Pimentel,justamente esa edificación perdura como iglesia principal.La plazoleta contigua,denominada Once de Noviembre,testificó la gesa heroica de 1820,cuando los patriotas en supremo intento,franquearon el cuartel realista Los Andes,proclamaron jubilosos la Indepencia de Latacunga.Urbanísticamente Santo Domingo en 1600 comprendia uno de los 9 sectores en que la ciudad estaba dividida,en el cual cada uno tenia como centro una iglesia y un convenio.','Se encuentra ubicada en el centro histórico de la Cuidad de Latacunga,entre las calles Guayaquil,Quito y Juan Abel Echeverría,a una altitud de 2789m.s.n.m','domingo.jpg',3,11,1,14);
insert into turismo (id,name,description,direccion,foto,categoria_id,subcategoria_id,canton_id,parroquia_id) values (1000074,'PIRÁMIDES DE BOMBOLÍ','Se pude apreciar tres montañas con forma espiralada (churos) una a continuación de otra en forma de rondador, asentado en un territorio de aproximadamente 5 hecáreas. En el piso se puede apreciar una gran cantidad de pedazos de cerámica (posiblemente de ollas, tiestos, vasijas). En la cima del choro superior hay una cavidad de 1,50 m y formaciones similares a gradas que se encuentran cubiertas por pasto lo que hace pensar que posiblemente fue un templo de adoraci{on Inca o Peinca, tiene un estio de construcción similar al Churo de Amanta ubicado cerca de la parroquia de Chugchilán. Actualmente no cuenta con facilidades, sin embargo es un sitio de gran relevancia y fácil acceso.','Se encuentra ubicado a 8 km del centro parroquial de  Las Pampas en el recinto Piedra Colorada a una altitud de 2456 m.s.n.m.','bomboli.jpg',1,3,7,41);
insert into turismo (id,name,description,direccion,foto,categoria_id,subcategoria_id,canton_id,parroquia_id) values (1000075,'CAMINO DEL INCA','El Capac Ñan (vía principal), fue el eje principal del sistema vial del Imperio Inca. Utilizado durante el apogeo de su estado imperial para enlazar los cuatro suyos o regiones de lo andes: Chinchaysuyo (Norte, Andes de p{aramo), Collasuyo (Sur, Andes de Puna), Contisuyo (Oeste, Costa pacífica) y Antisuyo (Este, Amazonía). En esta zona se observa la vía construida para el transito de personas y animales como las llamas o alpacas, superando las dificultades de la topografía andina, a través de un "sendero" que proviene desde e lado oriental (parroquia Toacaso9, en su comienzo sigue el perfil de la monaña por el horizonte y progresivamente se aproxima de manera zigzagueante acoplándose a la forma de la montaña, este sitio está ubicado sobre los 290 m.s.n.m., en la zona de transición de páramos y tierras bajas, sin embargo varios remanentes de esta importante conexión vial.','Se encuentra ubicado 14 km de la cabecera cantonal de Sigchos a 2900 m.s.n.m.','caminodelinca.jpg',1,3,7,47);
insert into turismo (id,name,description,direccion,foto,categoria_id,subcategoria_id,canton_id,parroquia_id) values (1000076,'CHURO DE SAN GABRIEL','Se encuentra dentro de la hacienda San Gabriel en un recorrido de 7 km hasta llegar a la casa hacienda, y junto a esta sobre una pequeña elevación se observa plataformas de tierra, de tres niveles altos y dos niveles inferiores, delimitados por un canal de 2 m de ancho por 1 a 2 m de profundidad, en la base superior hay un hoyo (reservorio) con medidas aproximadas de 10 a 15 m de diámetro, con 5 m de profundidad, cuya base es de forma ovalada. Además se encuentran tres plataformas de 5 m por 7 m, en donde se encuentran dispersas piedras calizas y piedra roja taladas, hacia el lad norte, en el lado occidental, en la zona baja de la coordillera, se pede observar un bosque nublado, mientras que al lad oriental se encuentra una colina con restos del Camino del Inca, que viene desde Sigchos y se conecta con el Churo de Amanto ubicado junto a Chugchilán.','Ubicado a 17 km de Sigchos, el llamado Pucará o Churo de San Gabriel se encuentra dentro de la hacienda del mismo nomre, a unos 200 m de la casa hacienda, a una altitud de 3575 m.s.n.m.','churosangabriel.jpg',1,3,7,40);
insert into turismo (id,name,description,direccion,foto,categoria_id,subcategoria_id,canton_id,parroquia_id) values (1000077,'CERRO AMANTA (CHUROLOMA)','Según los historiadores, esta fue una fortaleza Inca y posteriormente un fortín de combate contra la invación española. Sus características de construcción posiblemente estén relacionadas con las Ruinas de Malqui (la última morada del Inca Atahualpa) y el Sitio Arqueológico Machay. En su cumbre se encuentran ruinas de piedra en forma de cruz, su forma de churo es dada por zanjas y pasos peatonales que permita cruzarlas, con una profundidad entre 2,50 m y 1,80 m y un ancho de aproximadamente de 1 m. Forma parte del bosque nublado de Amanta, a 500 m desde la vía carrozable, la zona está cubierta de pajonal. No se han encontrado vestigios de cerámica. Está incluido en los paquetes turísticos que las operadoras de turísmo de la Ciudad de Latacunga.','Se encuentra ubicado en el Cantón Sigchos, a 17 km de la cabecera parroquial de Chugchilán, a una altura de 3614 m.s.n.m.','cerroamanta.jpg',1,3,7,40);
insert into turismo (id,name,description,direccion,foto,categoria_id,subcategoria_id,canton_id,parroquia_id) values (1000078,'EL CHURO','Son restos de construcción e intervenciones en a montaña, las mismas que se asemejan a un churo, que medido desde sus puntos más extremos, en la base tiene aproximadamente 400 m de longitud y su ancho más representativo es de 80 m. Todo el lugar tiene una orientación oeste-este y se la identifica como una de las fortalezas que en la antiüedadformaron parte del sistema defensivo de Angamarca, llamadas también Pucará. Se evidiencian varias terrazas elipticas o circulares concéntricas artificiales, delimitadas y sostenidas por muros de tierra y piedra, canales que rodean las cumbres de las montañas y restos de construcción en plataformas de hasta 6 m de ancho con taludes que llegan hasta 2 m de altura y siguen el contorno de la montaña.','Se encuentra ubicado en la cordillera accidental, al lado sur de la Paroquia Angamarca, a 9 km de la cabecera parroquial, a una altitud de 3755 m.s.n.m.','elchuro.jpg',1,3,3,22);
insert into turismo (id,name,description,direccion,foto,categoria_id,subcategoria_id,canton_id,parroquia_id) values (1000079,'TOLAS DE SOLONSO','Dando muestra de la historia, en un recorrido relativamente corto entre las parroquias Guasaganda y Pucayacu se identifican alrededor de 40 montículos muy bien definidos de diferentes alturas y radios, denominados tolas, las mismas que representan una evocación del asentamiento de diferentes poblaciones antiguas en la zona. Entre los principales puntos, se ubica el sector de Solonso, con un conjunto de tolas representativas, en una colina en propiedad privada, constituidas por 2 hileras de 8 montículos pequeños a cada lado, que rodean a dos montículos mayores, todos estos orientados con dirección sur - norte, cuyo propietario indica que en las noches se observa en el lugar "una llama" encendidad y se han encontrado vasijas con ceniza, muñecos de cerámica y piedras labradas, muchas de estas piezas se habrían extraviado por la intervención de huaqueros.','Se encuentra ubicado a 30 km del Cantón de La Maná, en la Parroquia Pucayacu, a una altitud de 495 m.s.n.m.','solonso.jpg',1,3,4,29);
insert into turismo (id,name,description,direccion,foto,categoria_id,subcategoria_id,canton_id,parroquia_id) values (1000080,'HACIENDA MALQUI','Se cree que en este lugar se asentaba el pueblo que tenía la misión de cuidar la momia del último Inca Atahualpa (Malqui). En el interior de la casa hacienda de estilo moderno, se puede observar lo que sería una fábrica artesanal de producción de licor y panela que data de hace 100 años. Actualmente forma parte del proyecto cultural Malqui-Machay, conjuntamente con la Hacienda Machay y denominado como sitio de interés cultural por el Instituto Nacional de Patrimonio Cultural (INPC).','Se encuentra ubicada a 34 km del Cantón La Maná, en la parroquia Guasaganda, a una altitud de 863 m.s.n.m.','malqui.png',1,3,4,28);
insert into turismo (id,name,description,direccion,foto,categoria_id,subcategoria_id,canton_id,parroquia_id) values (1000081,'PROYECTO ARQUEOLÓGICO MACHAY','Se dice que este sitio fue la última morada del Inca Atahualpa luego de la violenta muerte que sufriera en el Cusco en manos de los caudillos españoes, Hasta el año 2000 se desconocìa que el conjunto de piedras ubicado en la hacienda forma parte de la edificaciòn arqueològica que contenìa los restos del Inca, segùn lo afirma Tamara Estupiñan (investigadora y arqueóloga). Machay significa santuario en el que se encuentra el Malqui (momia). En el sitio se han encontrado pedazos de cerámica, que datan de la época del pueblo Inca y una construcción hecha en piedra de río, la cual se cree era el centro de adoración, además del complejo sistema subterráneo y aéreo de canales de agua de los multiples vestigios de construcciones Incas que se han descubierto en nuestro país, ésta es una de las pocas ubicadas en el sub-trópico y actualmente  forma parte del proyecto cultural Malqui-Machay, inventario como sitio de interés por el Instituto Nacional de Patrimonio Cultural (INPC) con estudios topográficos por parte del Ministerio de Cultura y Patrimonio, actualmente se encuentra en deterioro y requieres de una intervención urgente para su conservación','Se encuentra ubicado al nororiente de la parroquia Guasaganda, a una hora de La Maná, a una altitud de 957 m.s.n.m.','machay.jpg',1,3,4,28);
insert into turismo (id,name,description,direccion,foto,categoria_id,subcategoria_id,canton_id,parroquia_id) values (1000082,'COLECCIÓN DE PIEZAS ARQUEOLÓGICAS DEL ARQ. GERMÁN ALBÁN','El Arq. Germán Albán, es una persona con mucho conocimiento e interés por coleccionar piezas arqueológicas e investigar su procedencia, desde hace más de 20 años ha ido coleccionando diferentes objetos arquelógicos encontrados en la zona de La Maná, su colección no ha sido cuantificada, ni en número ni características, ya que día a día va obteniendo más piezas, desde piedras de diferentes formas, figuras de barro con formas humanas y de animales, objetos utilitarios y ornamentos metálicos, entre otros. Se cuenta que: "Un grupo de buscadores de oro liderados por el ingeniero Guillermo Sotomayor que se había enternado en las selváticas montañas de La Maná por 1984, descubrió en una zona que en la década de los 80s había sido objeto de exploción de oro por medios mecánicos, un profundo túnel que conducía hasta un enorme recinto en el cual se halaron unos 300 artefactos de piedra de procedencia y edad desconocida", esta ha sido una de las motivacionese inicios de la colección.','Se encuentra ubicado en el centro cantonal de La Maná, a una altitud de 215 m.s.n.m.','germanalban.png',1,3,4,32);
insert into turismo (id,name,description,direccion,foto,categoria_id,subcategoria_id,canton_id,parroquia_id) values (1000083,'MUSEO MUNICIPAL LA MANÁ','La colección suma alrededor de 40 piezas clasificadas por períodos, incluye fragmentos de ollas ornitoformas, cuencos fitomorfos, cuencos decorativos-zoomorfos, platos con soporte anular, ollas con soporte trípode, compoteras, silbatos de figuras antropomorfas, entre otras, de acuerdo a las investigaciones arqueológicas en la cuenca norte del Guayas realizadas entre 1992 al 2000 por el proyecto Valencia - Quevedo - La Maná, dieron como resultado la identificación de diferentes tipos de tolas, viviendas, áreas agrícolas, ceremoniales y basurales con asentamientos poblacionales del período Formativo (Valdivia y Chorrera), Desarrollo Regional (Guangala - Daule Tejar), e Integración (Yungas y Tsáchilas), la colección en mención ha sido datada por medio del proceso de carbono 14 y se los ubica en la temporalidad de 2500 A.C., las figuras arqueológicas pertenecen a los Huancavilcas y Tsáchilas, aunque algunas piezas son de otras generaciones y tribus muy antiguas. A partir de la gestión del Municipio ante el Banco Central en Guayaquil para la "devolución" de las piezas arqueológicas a La Maná estas se mantienen en exposición en el GAD Municipal bajo el cuidado del Departamento de Cultura.','Se encuentra ubicado en el centro cantonal de La Maná a una altitud de 212 m.s.n.m.','museolamana.png',1,3,4,32);
insert into turismo (id,name,description,direccion,foto,categoria_id,subcategoria_id,canton_id,parroquia_id) values (1000084,'IGLESIA DE SIGCHOS','La Iglesia Matriz del cantón Sigchos tiene una edificación de arte románica, cuenta con una dimensión aproximada de 50 m de longitud, por 16 m de ancho, el piso del presbiterio es de azulejado que asemejo a piedras naturales, el piso de la nave central de color crema y las paredes son de ladrillo visto. En el interior de la iglesia se puede apreciar los cuadros de las estaciones del viacrucis en las paredes, 6 ventanas en la parte superior y una cúpula rodeada de ventanales, al lado izquierdo se encuentra una pila bautismal, y al lado derecho se ubican los instrumentos musicales, en la parte baja del presbiterio existen detalles de madera, en el centro se encuentra la cede, con 16 asientos de madera tallada para los co-celebrantes, la mesa de celebración y el ambón son de piedra, posee soportes de madera para los arreglos florales, al igual que la mayoría de ornamentos, y a los lados en la part superior, así como al ingreso sobre la puert principal, se encuentra un ventanal circular con una cruz en el centro y la inscripción "J.H.S."','Se encuentre ubicada en la cabecera cantonal de Sigchos a una altitud de 2887 m.s.n.m.','iglesiasigchos.jpg',1,3,7,47);
insert into turismo (id,name,description,direccion,foto,categoria_id,subcategoria_id,canton_id,parroquia_id) values (1000085,'IGLESIA MATRIZ DE PUJILÍ','La Igesia Matriz de Pujilí es un edificio de estilo románico, considerada como una de las cuatro más antiguas del país, su construcción se inició en 1680 y concluye treinta añas más tarde, ubicada frente al parque central de la cabecera cantonal, que cmparte el espacio con el edificio municipal y varias casas patrimoniales formando un conjunto de única belleza. Por su especial estilo de construncción el templo es visitado por estudiantes de arquitectura de las universidades del país para admirar y estuduiar el diseño del templo, la iglesia fue severamente afectada por los terremotos de 1949 y 1996, pero aún conserva su estructura original. En una de las intervenciones técnicas del Instituto Nacional de Patrimonio Cultural (INPC) para su rereconstrucción se hallaron asamentas humanas.','Se encuentra ubicada en la parte céntrica del Cantón Pujilí junto al parque, a una altitud de 2956 m.s.n.m.','matrizpujili.jpg',1,3,3,46);

insert into turismo (id,name,description,direccion,foto,categoria_id,subcategoria_id,canton_id,parroquia_id) values (1000086,'AGUAS TERMALES DE ALUCHÁN','Es una fuente de agua termal que nace al pie de una montaña con un caudal de cinco litros por segundo aproximadamente. La temperatura del au¡gua es mayor a 30 °C, no presenta características de color ni sabor y tiene cantdades muy bajas de hierro, la cual es conducida hacia una piscina construida de piedra y cemento que tiene forma de un corazón.','Este recurso se encuentra ubicado a 28 km de Pujilí, tomando la vía a Cusubamba, a una altitud de 3401 m.s.n.m.','Aguas Termales de Aluchan.png',2,5,2,18);
insert into turismo (id,name,description,direccion,foto,categoria_id,subcategoria_id,canton_id,parroquia_id) values (1000087,'LAGUNA DE LIMPIOPUNGO','Es el resutado morfológico de los lahares del Cotopaxi, es decir que se ha formado por el derretimiento súbito del casquete de hielo y nieve, al ponerse en contacto con flujos proplasticos y/o lava. Sus características físicas demuestran que se trata de una laguna mesotrófica, por tanto, su agua es un tanto turbia exepto en la parte céntrica y profunda donde conserva una tonalidad azl, su temperatura promedio es de 10 °C. Esta laguna es el hábitad natural de gaviotas andinas (Larus Serranus), gallaretas (Fúlica sp), pato andino (Anas andhun) y gligles (Vanellus resplendens). Se observa vegetacion arbustiva y especies de fauna como conejos y lobos de páramo, así como el vuelo de quilicos (Falco sparverius) y curiquingues (Phalcoboenus caruncullatus).','Se encuentra ubicada a 21 km de la Parroquia Mulaló, a una altitud de 3834 m.s.n.m','limpiopungo.jpg',2,5,1,8);
insert into turismo (id,name,description,direccion,foto,categoria_id,subcategoria_id,canton_id,parroquia_id) values (1000088,'LAGUNA DE YAMBO','Yambo es una laguna de origen pluvial, en sus contornos posee diferentes vertientes, se estima que en una parte más profunda puede alcanzar los 150 m, mide aproximadamente 1000 m de longitud por 400 m de ancho, el agua tiene una coloración turquesa algo amarillenta (dependiendo de la refracción de la luz del sol sobre el agua), de cerca se puede observar que el agua es turbia debido a los minerales disueltos, y la falta de circulación de la misma, se constituye en un humedal con gran densidad de aves acuáticas, la temperatura del agua ascila entre los 8 a 21°C. La laguna se encuentra alimentada por diferentes vertientes, y no existe un desfogue para que el agua fluya, por tanto el espejo de agua está incrementando su nivel, se calcula que sube aproximadamente 10 cm por año, lo cual justifica que al lado sur exista una cabaña abandonada y sumergida, se afirma que el agua de las vertientes es curativa. En la parte nororiental existen actualmente instalaciones que brindan servicios de alimentación, primordialmente los fines de semana.','Se encuentra ubicada a 7 km de la cabecera cantonal de Salcedo, junto a la carretera E35, en la parroquia Panzaleo, a una altitud de 2596 m.s.n.m','yambo.jpg',2,5,2,21);
insert into turismo (id,name,description,direccion,foto,categoria_id,subcategoria_id,canton_id,parroquia_id) values (1000089,'COMPLEJO LLANGANATI LAGUNAS DE ANTEOJOS','El complejo lacustre comprende un conjunto de lagunas de origen glaciar alimentadas por rios y riachuelos o inundaciones estacionales, entre los cuales se destacan un par de lagnas con una singular forma unidas por un riachuelo que asemejan a unos anteojos. La zona es reconocida a nivel internacional como sitio Ramsar, por tres factores principales: la rareza única del área, dada por las formaciones geológicas de diferentes edades y orígenes, que conforman un paisaje único y 11 subcomplejos de humedales correspondientes a 8 de los tipos de humedales considerados por la Convención de los Humedales de Ramsar, la presencia de especies vulnerables o en peligro de extinción y comunidades ecológicamente amenazadas, además la importancia de especies vegetales y/o animales para mantener la biodiversidad de una región biogeográfica. El sitio está rodeado de vegetación de páramo de pajonales y almohadillas, resistentes a los cambios extremos de temperatura, y las especies de fauna como conejos, lobos de páramo, truchas, diferentes tipos de aves como mirlos, curiquingues, entre otras.','Se ubica en el páramo oriental del Cantón Salcedo dentro del Parque Nacional Llanganates, en los límites de la Provincia de Napo, a una altitud de 3967 m.s.n.m.','lagunadeanteojos.jpg',2,5,2,'20');
insert into turismo (id,name,description,direccion,foto,categoria_id,subcategoria_id,canton_id,parroquia_id) values (1000090,'LAGUNA DE QUILOTOA','La laguna ubicada en el cráter del volcán inactivo, forma parte de la Reserva Ecológica Los Ilinizas. El color de sus aguas varía entre azul y verde debido a la gran cantidad de minerales, y la reflaxión de la luz solar. La temperatura del agua ascila entre -1 y 16 °C, se calcula que tiene una profundidad de 250 m y 3 km de diámetro, el cono, donde actualmente se encuentra la laguna, fue formada por la acumulación alternativa de los flujos de lava y material piroplástico. Desde el lado occidental de la laguna se puede apreciar la transición vegetal de páramo a bosque húmedo y el inicio del Cañón del Río Toachi, se puede descender hasta Guayama por un sendero de arena o recorrer la ruta que bordea el cráter hasta salir al sector de Ponce Quilotoa en la parroqia Zumbahua, y para personas que les interesa caminatas más extensas se toma una ruta de trekking hacia Isinliví.',' La laguna se encuentra ubicada en el Cantón Sigchos, Parroquia Chugchilán, mientras que una parte del cráter del volcán pertenece a Guangaje y Zumbahua','quilotoa.jpg',2,5,7,40);

insert into turismo (id,name,description,direccion,foto,categoria_id,subcategoria_id,canton_id,parroquia_id) values (1000091,'CUEVA MINUS UCTU','La Cueva Minus Uctu tiene una entrada de 5 m de altura, al pie de un cerro que tiene una figura de catedral gótica, formada por la acción de viento sobre las paredes rocosas, se puede acceder con facilidad en una distancia de 7 m aproximadamente hasta el inicio de un precipicio que se estima una profundidad de 500 m. La tradición oral de los pobladores señala que hay una planicie dentro de la cueva y una laguna o rio subterráneo que se relaciona con algunas historias y creencias de la población. En los exteriores, se observa un sendero construido por los comuneros al igual que una imitación de un "Churo Pucará" de 10 m de radio por 3 m de altura y el paisaje extenso cubierto de pajonal','Se localiza a 3 km de la Comunidad Apahua, de la Parroquia Pilaló, a 3892 m.s.n.m.','cuevaminus.png',2,6,3,25);
insert into turismo (id,name,description,direccion,foto,categoria_id,subcategoria_id,canton_id,parroquia_id) values (1000092,'LAGUNA DE QUILOTOA','La laguna ubicada en el cráter de un volcán inactivo, forma parte de la Reserva Ecológica Los Ilinizas, con una altura máxima de  3940 m.s.n.m. (cima de la caldera). El color azul - verdoso de sus aguas se debe a la gran cantidad de minerales, por o que no es aconsejable para su consumo, la temperatura del agua ascila entre los 16 y -1 °C, tiene una profundidad de 250 m y 3 km de diámetro aproximadamente. El cono, donde actualmente se encuentra la laguna, fue formado por la acumulación alternativa de los flujos de lava y material piroplástico. Este compuesto de piedra pómez, lapilli y ceniza, predomina por completo sobre las lavas, lo que se puede observar claramente en las paredes interiores de la caldera. En su acceso por la comunidad de Ponce de la parroquia Zumbahua, se puede encontrar servivios de alimentación, hospedaje y actividades recreativas, alquiler de kayaks y galería artesanal a través de a Organización de Turismo Comunitario.','La laguna se encuentra ubicada en las franjas limítrofes con Guangaje y Zumbahua, delimitadas por las cumbres y quebradas que bordéan al cráter a los lados sur, suroriente y suroccidente, al norte de la Parroquia Chugchilán','quilotoa.jpg',2,6,2,18);
insert into turismo (id,name,description,direccion,foto,categoria_id,subcategoria_id,canton_id,parroquia_id) values (1000093,'MIRADOR CAÑÓN DEL TOACHI','El cañón de Toachi nace en la la Comunidad de Michacalá de la parroquia Zumbahua, posiblemente se formó producto de fuertes terremotos que se sucitaron en la zona hace más de cinco mil años. La característica principal de este recurso es su fragilidad en la superficie del terreno, causada por acción del viento, y su contextura es arenosa, desértica con poca cobertura vegetal. Los principales puntos de parada para la contemplación de las fallas geológicas que dan lugar a un prominente presipicio, están ubicadas en Pucausha, Ponce, Pilapuchín, Cachiyacu y en las colinas de los alrededores.','Se encuentra ubicada a 4 km del centro parroquial de Zumbahua, a una altitud de 3497 m.s.n.m.','cañondel toachi.jpg',2,6,3,27);
insert into turismo (id,name,description,direccion,foto,categoria_id,subcategoria_id,canton_id,parroquia_id) values (1000095,'COLUMNAS DE TANGÁN','El sitio se caracteriza especialmente por unas impresionantes estructuras de piedra en un orden y formas características que asemejan grandes columnas de 1 m de ancho con espacios entre sí, y altura entre 30 m y 100 m, sobre las cuales se encuentran establecidas rutas de escalada. Forman parte de una propiedad privada, que fue adquirida en e año 1990 por el Sr. Milton Uribe, quien las descubrio en compañía de sus trabajadores en el año 1992, mientras buscaba madera, a partir de eso, el sitio y su denominación de Columnas de Tangán fueron tomando importancia con el paso del tiempo y la visita de turistas nacionales y extranjeros (Chile, Canadá, Colombia, Alemania, Argentina entre otros). Actualmente recibe visitas de nacionales y extranjeros, aficionados y expertos en escalada deportiva.','Las columnas se encuentran cercanas a los ejes de acceso de la vía secundaria Cerro Azul - Asache ingresando por el sector de Las Manzanas','columnas.png',2,6,7,47);

insert into turismo (id,name,description,direccion,foto,categoria_id,subcategoria_id,canton_id,parroquia_id) values (1000096,'NEVADOS ILINIZAS','Constituye un hermoso conjunto montañoso formado por dos elevaciones empinadas: Iliniza Norte (5126 m.s.n.m.) de estructura rocosa y sin nieve permanente, para escalar es necesario contar con equipo técnico, en caso que haya nieve, y desde la cima si el tiempo lo permite se podrá admirar las montañas como el Iliniza Sur, Cotopaxi, Corazón, Rumiñahui, Pasochoa, entre otros. El Iliniza Sur (5263 m.s.n.m.) es una montaña más difícil de escalar por lo que requiere de gran habilidad y destreza. Desde el refugio toma cuatro horas llegar a la cumbre en una travesía de aventura y resistencia ya que existen grietas y pendientes de hasta 70 grados de inclinación. Los nevados forman parte de la Reserva Ecológica Ilinizas y cuenta con gran diversidad biológica.','En los cantones atacunga y Sigchos, se encuentra ubicado a 20 km de la parroquia Toacaso, a una altitud de 5263 m.s.n.m.','ilinizas.png',2,7,1,6);
insert into turismo (id,name,description,direccion,foto,categoria_id,subcategoria_id,canton_id,parroquia_id) values (1000097,'CERRO PUTZALAHUA','Es un cerro de forma cónica alargada al que se le atribuye un origen volcánico. Desde el mirador ubicado en la cima, se tiene una vista panorámica de la Avenida de los Volcanes, las ciudades de Latacunga, Salcedo y parte del Parque Nacional Llanganates. El 60% de la vegetación está representada por pajonales y especies como romerillo, chuquirahua, zapatito, entre otras. También se encuentran conejos, quilicos, mirlos, tórtolas y variedad de mariposas.','Esta ubicado a 14 km de Belisario Quevedo con una altitud de 3523 m.s.n.m.','putzalahua.png',2,7,1,14);
insert into turismo (id,name,description,direccion,foto,categoria_id,subcategoria_id,canton_id,parroquia_id) values (1000098,'VOLCÁN COTOPAXI, Geología e historia','Es el estrato volcánico más alto y activo del mundo, situado en el Nudo de Tiopullo, su base es circular de aproximadamente 20 km de diámetro y posee un perfecto cono que le da una belleza única, cubierto de glaciares y un manto de surcos profundos y en direcciones radiales que divide la superficie del edificio volcánico en sectores elevados. Su forma se ha ido perfeccionando con las acciones provocadas tanto por los procesos eruptivos explosivos, como por los largos periodos de descanso. En el período histórico se han registrado 8 erupciones desde el año 1534 en que se dió la primera erupción, la segunda erupción en junio de 1742, la tercera el 9 de diciembre 1743, la cuarta erupción el 30 de noviembre de 1744, la quinta el 6 de septiembre de 1750, la sexta el 10 de febrero de 1768, la séptima erupción el 4 de abril de 1768, y la octava el 26 de junio de 1877.
','El volcán Cotopaxi se ubica en la Cor dillera Central de los Andes Ecuatorianos, entre el volcán apagado Sincholagua, el Rumiñahui y el Quilindaña con una altitud de 5897 m.s.n.m.
','cotopaxi.png',2,7,1,8);
insert into turismo (id,name,description,direccion,foto,categoria_id,subcategoria_id,canton_id,parroquia_id) values (1000099,'COMPLEJO MONTAÑOSO THZIRIMATZI','Esta conformado por franjas montañosas de singular características con diversas formas y tamaños, que convierten a este conjunto rocoso y escarpado en un sitio privilegiado para apreciar sus formas geológicas naturales y místicas en un ecosistema de páramo. Estas características hacen del sitio un espectáculo de panoramas de valles altos y cordilleras montañosas, agrupa a los macizos rocosos conocidos como Thzirimatzi, Talicrumy, Pucaujshamatzi y otras escarpas que se encuentran dentro de este conjunto de montañas, en donde se ha implementado una ruta de escalada que lleva el nombre de la comunidad, Cocha Uma. El macizo rocoso Thzirimatzi, tiene aproximadamente 30 m de altura medidos desde su base, posee en su base una cueva de dos niveles, y en su parte frontal se aprecia una formación natural que asemeja a dos rostros humanos y una cabeza zoomorfa, similar a la de un Gorila con su copete.','Se encuentra a 8 km de la parroquia Zumbahua, a una altitud de 3935 m.s.n.m.','thzirimatzi.jpg',2,7,3,27);
insert into turismo (id,name,description,direccion,foto,categoria_id,subcategoria_id,canton_id,parroquia_id) values (1000100,'MIRADOR CHINALÓ BAJO','El sitio, forma parte del Circuito Turístico Zumbahua - Chugchilán para apreciar una vista del cañón del Toachi, cuenta con facilidades turísticas como es una caseta de 2,50 m por 2 m, baranda de seguridad de madera de 10 m de longitud, basureros y señalética de información, construidas a base de madera. El entorno cuenta con diferentes especies vegetales arbóreas, arbustivas y herbáceas como chocho, chilca, paja, milin, sigse, pino, tilo, kikuyo, floripondio, lechero y especies pertenecientes a las familias fabáceas y asterácea.','Se encentra ubicado a 15 minutos de la vía Cochaló - Sigchos, a una altitud de 2966 m.s.n.m.','chinalobajo.jpg',2,7,7,40);
insert into turismo (id,name,description,direccion,foto,categoria_id,subcategoria_id,canton_id,parroquia_id) values (1000101,'MIRADOR DE TURUPAMBA','Desde este punto se puede observar al Nevado de Los Ilinizas, el Cañón de Río Toachi, los picos de la caldera que forma la Laguna de Quilotoa en todo su esplendor y parte del bosque subtropical, zonas de cultivo de chocho, papa, cebada, trigo, maíz entre otras que vsrían de color verde oscuro a amarillo, el sector se caracteriza por la presencia de fuertes vientos. Se debe seguir la carretera de tercer orden hacia la parroquia Pucayacu, desde Chugchilán, el entorno muestra una gran biodiversidad de flora como paja, falso chocho, sigse, milin, entre otros.','Se encuentra ubicado a 5 km del centro de la parroquia Chugchilán, a una altitud de 3532 m.s.n.m.','turupamba.jpg',2,7,7,40);
insert into turismo (id,name,description,direccion,foto,categoria_id,subcategoria_id,canton_id,parroquia_id) values (1000102,'VALLE DE ALTURA MICHACALÁ','La planicie en la que se encuentre la comunidad Michacalá tiene un cima húmedo debido a las bajas temperaturas y la frecuente formación de neblina, los suelos del valle son de barro negro y en su parte baja se localizan cultivos primordialmente de cebolla. Una característica del lugar es que los linderos de las propiedades están formados por paredes (muros de tierra) de aproximadamente 1 m de altura, dispersas en la planicie. El paisaje cultural tradicional de páramo que aún se mantiene genera un atractivo exepcional, debido a la conservación de viviendas tradicionales "chozas" hechas por paredes de tapial y cubiertas de paja, sin ventanas y con una sola puerta, este tipo de construccion permite el mantenimeinto de calor dentro de la misma, y las llamadas "chaki wasi" que son chozas ubicadas en las pendientes de terreno, de las cuales se aprovecha el corte en la montaña como parte de las paredes, y se les recubre con paja.','Se encuentra ubicada a 7 km del centro parroquial Zumbahua, a una altitud de 3684 m.s.n.m.','michacala.jpg',2,7,3,27);

insert into turismo (id,name,description,direccion,foto,categoria_id,subcategoria_id,canton_id,parroquia_id) values (1000103,'CASCADA TINIEBLAS','El nombre de la cascada se debe a que está ubicada en el sector del mismo nombre. Hay indicios de que se trata del producto de una erupción volcánica, de composición rocosa - lava solidificada. En su parte más prolongada tiene una caída de unos 120 m, con una pendiente de sesenta grados, formando tres pozos de entre 2 y 4 m de diámetro, y una poza de 10 m de longitud por 2 m de ancho aproximadamente, con una profundidad de 4 m dando forma a una piscina natural que es muy visitada por los pobladores locales.','Se encuentra ubicada en la parroquia Pucayacu, a 6 km del centro, cuenta con un clima de sub trópico, a una altitud de 715 m.s.n.m.','cascadatinieblas.jpg',2,8,4,29);
insert into turismo (id,name,description,direccion,foto,categoria_id,subcategoria_id,canton_id,parroquia_id) values (1000104,'SIETE CASCADAS DEL ZAPANAL','Se encuentran conformadas por siete cascadas de diferente tamaño y forma, entre las que están: Chorrera San Martín con una caída de gran fuerza, Chorrera Escondida, ya que está oculta entre grandes piedras, La MUerte, con una altura aproximada de 80 m, El Amor, que se ha convertido en un refugio para los novios, El Tobogán, la que más disfrutan los bañistas por las formas de sus piedras que asemejan un tobogán natural, La Tina de Piedra y la Piedra de los arrepentidos con una vista privilegiada del bosque que las circundan. Todas las cascadas se encuentran en una extensión aproximada de 1 km y con una temperatura que bordea los 25 °C, enla que se puede observar la flora y fauna de la zona. En el trayecto, a la altura de la cascada El Tobogán se puede conseguir bcadillos y bebidas que las expenden la gente de la comunidad. La Asociación de Turismo Comunitario El Zapatal se encuentra realizando actividades recreativas y prestando servicios para el aprovechamiento de su potencial turístico.','Se encuentran ubicadas en el Cantón Pangua a 14 km del Cantón La Mana, forma parte del territorio perteneciente a la Parroquia Moraspungo.','sietecascadas.jpg',2,8,5,34);
insert into turismo (id,name,description,direccion,foto,categoria_id,subcategoria_id,canton_id,parroquia_id) values (1000105,'CASCADA MILAGRO','Al lado izquierdo de la carretera se observa una pequeña caída de agua, sobre una pared de roca, de aproximadamente 10 m y otra de unos 70 m de altura siguiendo un corto sendero que atraviesa al riachuelo hasta una poza en la base de la cascada entre dos montañas y rodeada y rodeada de un pequeño remanente de bosque primario con especies con palma, arbustos y epífitas. Actualmente en el ingreso, junto a la carretera se adecuado una pequeña zona de parqueo y senderos para el ingreso a la cascada.','Se encuentra en la Parroquia El Tingo a 1,4 km de la Hidroeléctrica "El Estado" vía a La Mana, a una altitud de 892 m.s.n.m.','cascadamilagro.jpg',2,8,3,26);
insert into turismo (id,name,description,direccion,foto,categoria_id,subcategoria_id,canton_id,parroquia_id) values (1000106,'CASCADA DEL OSO','Tiene una caída de 120 m aproximadamente, formando en su base una poza de 2,5 m con una temperatura de 10 °C, la cascada esta ubicada dentro de la Reserva Ecológica Los Ilinizas y su nombre se debe a la existencia de osos de anteojos (Tremarctos ornatus). En el entorno se puede encontrar gran variedad de flora como: sangre de drago (Croto urucurana Baillon), caoba (Swietenia macrophylla King), canelo (Drimys winteri), bejuco (Gouania lupuloides). En fauna se puede encontrar además de los osos de anteojos, pumas, guantas, tucán, pájaro toro y monos aulladores. En el recorrido existen tambien otras cascadas menores, conocidas como Las Águilas y Las Gradas.','Está ubicada a 14 km de distancia de la Parroquia El Tingo La Esperanza, a una altitud de 780 m.s.n.m.','cascadadeloso.jpg',2,8,3,26);
insert into turismo (id,name,description,direccion,foto,categoria_id,subcategoria_id,canton_id,parroquia_id) values (1000107,'CASCADA DE LOMAPÍ','En el sitio se puede observar 3 cascadas, la más alta ubicada en un nivel superior,tiene una altura de unos 15 m, la segunda de una similar altitud, y la tercera es de unos 5 m. Hacia abajo se puede observar 2 caídas más de agua de alrededor de 4 m, forman unos mantos blandos de agua , los mismos que disminuyen o aumentan dependiendo de la temperatura del clima, si es invierno o verano (mayo a octubre). Para poder llegar a las cascadas de San Marcos Lomapi, se debe caminar alrededor de 1,5 horas desde la vía carrosable, por el costado del río, gran parte del camino está cubierto por piedras que han sido arrastradas por la corriente, y a unos 20 m de distancia se observan sembrios de banano, caña de azúcar y pastizales. Es un sitio de gran potencial turístico aunque las facilidades son mínimas, sin embargo la gente de la localidad usa las "cochas o pailones" formadas por el agua, para bañarse despues de una agradable excursión en medio del bosque.','Se encuentra ubicada en la parroquia Chugchilán, pero su mejor vía de acceso es por el Recinto El Palmar del Cantón Pujilí, esta a 1070 m.s.n.m.','cascadalomapi.png',2,8,7,40);

insert into turismo (id,name,description,direccion,foto,categoria_id,subcategoria_id,canton_id,parroquia_id) values (1000108,'PARQUE NACIONAL COTOPAXI','El Parque Nacional Cotopaxi es el primero a nivel continental y el segundo a nivel nacional después del Parque Nacional Galápagos, creado el 11 de Agosto de 1975 y declarado Parque Nacional dentro del Sistema Nacional de Áreas Protegidas el 26 de Julio de 1979. Tiene una superficie total de 33.393 hectáreas, su rango altitudinal comprende desde los 3200 hasta los 5897 m.s.n.m. La precipitación anual promedio es de 1072 mm, y su temperatura media es de 7,7 °C con nevadas entre mayo y septiembre, por la irregularidad del terreno presenta microclimas que dan origen a una variedad de flora y fauna determinadas por las zonas de vida Bosque muy húmedo Montano, Páramo pluvial Sub-alpino, Tundra pluvial Alpina y Nival. La fauna esta represenada principalmente por aves acuaicas - pato puntaneo, pato enmascarado, andarios solitario, gallareta de escudo, marrón, chorlito dorado menor, garcita bueyera, es frecuente encontrar curiquingues, veraneros, gigles, cóndores, guarros, gavilanes dorsirojo, gaviotas andinas, perdiz de páramo, gavilán dorsirojo, quilico, lechuza de campanario, compadre gaspar, quinde ubillus fino, chungui grande, chirote, mirlo grande, azulejo, entre las aves además de algunos mamíferos como, raposa, ratón marsupial, musaraña, murcielago orejudo andino, conejo silvestre, ratón de campo, entre otras especies. En el Parque Nacional se encuentran la Laguna de Limpiopungo y el Volcán Rumiñahui, las visitas también incluyen las Lagunas de Santo Domingo y Cajas, El Manantial, Peñas Blancas y las Ruinas arqueológicas de Salitre. Dentro de las fcilidades que ofrece, encontramos el Centro de Interpretación, guardianías de ingreso y áreas de acampar.','Ubicado en la zona volcánica más grande del Ecuador a 19 km del centro parroquial de Mulaló y 60 km de la Ciudad de Quito.','parquecotopaxi.jpg',2,9,1,8);
insert into turismo (id,name,description,direccion,foto,categoria_id,subcategoria_id,canton_id,parroquia_id) values (1000109,'ÁREA NACIONAL DE RECREACIÓN EL BOLICHE','Fue creada mediante Acuerdo Interministerial No. 0322, publicado en el Registro Oficial No. 69, del 26 de julio de 1979 con 1077 hectáreas y 7000 adyacentes, pero a partir de 1996, la superficie del área se redujo a 375,58 hectáreas. Se encuentra en una zona que corresponde al Bosque muy húmedo montano (Cañadas 1983), está poblado por un bosque de pno y vegetación arbustiva típica como romerillo (Hypericum laricifolium), chilca (Baccharis latifolia), pumamaqui (Oreopanax ecuadorensis), quishuar (Buddleja incana) sacha chocho (Lupinus pubescens), mortiño (Vaccinium floribundum) zapatitos (Calceolaria lojensis), orejas de conejo (Stachis lanata), entre otros. Y las prinicpales especies de fauna son conejos de páramo, lobos y venados, así tambien aves como el curiquingue (Phalcoboenus caruncullatus), el quilico (Falco sparverius) y el guarro (Garanoaetus malenoleucos). Cuenta con infraestructura para camping, picnic, zona de juegos infantiles, cabañas de alojamiento, restaurante, un centro de interpretación ambiental de las cuatro regiones del Ecuador, bajo la Administración del Ministerio del Ambiente, en coordinación con el Ministerio de Turismo y Empresa de Ferrocarriles del Ecuador para la visita turística.','Se encuentra ubicado a 20 km del centro parroquial de Mulaló de cantón Latacunga, a una altitud de 3580 m.s.n.m.','elboliche.png',2,9,1,8);
insert into turismo (id,name,description,direccion,foto,categoria_id,subcategoria_id,canton_id,parroquia_id) values (1000110,'RESERVA ECOLÓGICA Y PARQUE BOTÁNICO PINLLOPATA','Son alrededor de 600 hectáreas, 400 de estas son protegidas desde el 15 de junio del 2010, declaradas como bosque protector por el Ministerio del Ambiente, bajo la resolución No. MAE-PSB-1-2010-4-062. Dentro de este sitio más conocido como Rancho Escondido, existe una construcción semejante a un conjunto ceremonial pre-Inca, además una cascada llamada El Rincón de tus Ensueños" que tiene sus paredes laterales "labradas" rectangularmente, de esta salen canales de agua hechas de piedra (granito) labrada, únicas en el sector. Además en el centro de la poza se puede apreciar una piedra redonda gigante, considerada como sab¡grada, de aproximadamente 5 m de diámetro. El bosque típico de esta zona alberga especies como nogal, palma de ramos, colorado fino, jimbil rojo, colca, guayusa, heecho y una gran variedad de orquídeoas.','Se encuentra ubicado dentro del Bosque Rancho Escondido, a una altitud de 2818 m.s.n.m.','parquebotanico.jpg',2,9,5,36);


insert into turismo (id,name,description,direccion,foto,categoria_id,subcategoria_id,canton_id,parroquia_id) values (1000111,'CERRO MORURCO','Se encuentra a 4920 m.s.n.m  El cerro Morurco, que es también denominado Cabeza del Inca, por las torres de roca que conforman su perfil, es parte física del Volcán Cotopaxi y de hecho es el remanente del antiguo edificio volcánico que se destruyó en el Pleistoceno. El Morurco tiene una estructura de pilares unidos por pequeños collados que descienden en un sentido norte-sur desde las morenas meridionales del Cotopaxi. El clima es particularmente frío por la presencia de los glaciares de aquella montaña. Si bien el paisaje es de mesetas colmadas paralelas a amplias quebradas, hacia el oriente se hunde la topografía en la región de Vallevicioso, base del Quilindaña. La vía de acceso es aquella que va desde la población de Mulaló, al sitio Ticatilín hasta un pequeño refugio al pie de los arenales de la quebrada Burrohuaycu, en el interior del micro valle cerrado de San Elías (3.726 m.s.n.m.: 1 hora desde Mulaló).','Ubicada en la cara sur del Cotopaxi','morurco.jpg',3,10,1,8);
insert into turismo (id,name,description,direccion,foto,categoria_id,subcategoria_id,canton_id,parroquia_id) values (1000112,'CERRO PUTZALAHUA','El Cerro Putzalahua constituye un verdadero mirador hacia la Cuidad de Latacunga, la misma que contrasta con los cultivos extensos que existen en el entorno del cerro y finalmente la cobertura vegetal típica de páramo.En el cerro Putzalahua la cobertura vegetal está caracterizada por pajonal, almohadillas, y helechos muy variados, el estrato herbáceo y arbustivo es representado por especies como el romerillo Hypericum sp, la chuquiragua Chuquiragua jussieui, zapatito Calceolaria sp entre las especies que más sobresalen.Se puede observar quilicos, gralarias y conejos','BELISARIO QUEVEDO','putzalahua.jpg',3,10,1,14);
insert into turismo (id,name,description,direccion,foto,categoria_id,subcategoria_id,canton_id,parroquia_id) values (1000113,'APAHUA','La característica principal que identifica a la comunidad es el frio, la neblina y la lluvia sin embargó este lugar es también considerado un sitio privilegiado en el que a mucha gente le gustaría despertar con el suave silbido del viento, el trinar de los pájaros, respirando aire puro y el cántico de los gallos que se convierten en un despertador en las madrugadas para los comuneros.','PUJILÍ Y LA MANÁ ','apahua.jpg',3,10,3,29);
insert into turismo (id,name,description,direccion,foto,categoria_id,subcategoria_id,canton_id,parroquia_id) values (1000114,'CHURO DE AMANTA','En su cúspide se encuentran ruinas de piedra en forma de cruz,  al contorno de la montaña existen canales o zanjas  y  en ciertos tramos pasos peatonales que permite cruzar las zanjas,  mismas que alcanzan una profundidad variable que oscila entre 2,50cm x 1.80cm. La distancia entre las zanjas es aproximadamente de 20 metros entre una y otra.','SIGCHOS ','amanta.jpg',3,10,7,43);
insert into turismo (id,name,description,direccion,foto,categoria_id,subcategoria_id,canton_id,parroquia_id) values (1000115,'CHURO PUCARA','El Churo Pucara que se encuentra en los páramos del sector de Romerillos a 3800 msnm y a una temperatura de 8 grados centígrados promedio, es una Ruina Incaica que dejaron de herencia nuestros aborígenes y que hasta la actualidad perdura, el nombre de churo tiene por la forma como está construida en forma de caracol, camino que va dando hasta llegar a la cima de la montaña, dentro de él podemos observar el mirador que tiene un alcance a la costa como la ciudad de Quevedo, Empalme, Echandia,como también se puede ver el volcán Chimborazo, cordilleras, colinas y valles.','COCHA ','pucara.jpg',3,10,5,48);
insert into turismo (id,name,description,direccion,foto,categoria_id,subcategoria_id,canton_id,parroquia_id) values (1000116,'MIRADOR YANARUMI – ILINIZAS','Se encuentra ubicada a 17 kilómetros de la parroquia de Poaló en el sector Maca Milinpungo. Desde este punto se puede apreciar la ruta turística de los volcanes destacándose los Ilinizas, Rumiñahui y Cotopaxi. A 10 metros del recurso se puede observar cultivos de cebolla y papa, los cuales hacen más vistoso al recurso. La dificultad de ingreso es baja ya que el vehículo llega a 10 metros del recurso turístico.','MACA MILINPUNGO','yanarumi.jpg',3,10,6,49);
insert into turismo (id,name,description,direccion,foto,categoria_id,subcategoria_id,canton_id,parroquia_id) values (1000117,'PEÑAS BLANCAS','En la parroquia de Toacazo, un páramo de pajonal al que puedes ingresar por el desvió hacia el norte del cerro Wingopana, se encuentran varias formaciones de rocas deleznables que han sido labradas por el viento y demás factores naturales, formaciones de peñascos de hasta 15 metros en la parte inferior, entre caídas empinadas se encuentra un pequeño parche de bosque andino y si te ubicas en un buen lugar podrás observar el perfil del Quilotoa, Chugchilán y del cantón Sigchos. Los lugareños cuentan que dentro de la montaña existen formaciones que dan la impresión de haber sido realizadas por la mano del hombre. En el entorno se puede encontrar una gran variedad de flora entra las más representativas se encuentran: paja, sarcillejo, mortiños.','NORTE DEL CERRO WINGOPANA','penas.jpg',3,10,1,6);
insert into turismo (id,name,description,direccion,foto,categoria_id,subcategoria_id,canton_id,parroquia_id) values (1000118,'CERRO TICSIJUCHI','Se encuentra ubicado a 8 kilómetros del sector de Planchaloma en la parroquia de Toacazo, formando parte de la Reserva Ecológica los Ilinizas, en este lugar se encuentra la cooperativa Rasuyacu – Corazón. Se puede encontrar flora como: chilco, pumamaqui, hoja blanca, guanto negro, guanto blanco, juice blanco, paja, chachacoma, almohadilla, mora silvestre y como fauna representativa tenemos gavilanes, conejos, lobos, halcones, ratones de campo, lagartijas.','SECTOR DE PLANCHALOMA.','ticsijuchi.jpg',3,10,1,14);
insert into turismo (id,name,description,direccion,foto,categoria_id,subcategoria_id,canton_id,parroquia_id) values (1000119,'CERRO SAGUATOA Y PÁRAMO DE MILINPAMBA','Ubicado a 19 kilómetros de Poaló, en el sector denominado Saguatoa (Acchi Vaquería). Desde Poaló se avanza hasta el sector de Milin, el recurso turístico se encuentra a 2 kilómetros. Cuenta con un área de 600 hectáreas siendo ecosistema de páramo cubierto de pajonal. En el sector se aprecia una grieta producto de la ruptura de una roca de una dimensión de 0.50 metros de ancho por 1.50 metros de alto, donde habitan aves como el curiquingue y mamíferos como el lobo de páramo.','SECTOR DENOMINADO SAGUATOA. ','saguatoa.jpg',3,10,1,14);
insert into turismo (id,name,description,direccion,foto,categoria_id,subcategoria_id,canton_id,parroquia_id) values (1000120,'PARAMO DE JITIO','Ubicado a 12 kilómetros del centro parroquial de Mulaló, dentro del Parque Nacional Cotopaxi, una planicie de paramo de pajonal es el sitio ideal si quieres disfrutar de la naturaleza podrás observar especies de flora como almohadilla, romerillo, chilca, árbol de papel, chuquiragua, y más especies, entre la fauna representativa tenemos conejos, tórtolas, gorriones, halcones, además menciona que se puede observar en venados torcazas.','UBICADO A 12 KILÓMETROS DEL CENTRO PARROQUIAL DE MULALÓ','jitio.jpg',3,10,1,12);
insert into turismo (id,name,description,direccion,foto,categoria_id,subcategoria_id,canton_id,parroquia_id) values (1000121,'PÁRAMOS DE LA ASOCIACIÓN TEJAR MIRAFLORES','A 2 kilómetros hacia arriba de la hacienda Pansachi en medio del paisaje de páramo en medio de las montañas, encontrarás una zona de páramo de pajonal muy lluviosa, gran parte del tiempo permanece nublado podrás divisar flora como almohadillas y pinos, esta asociación de la parroquia de Alaquez está trabajando en turismo comunitario ofreciendo actividades como: senderismo, cabalgatas, que tan solo a 1 hora en caballo puedes llegar al cerro el Morro, y si decides tomarte más tiempo, a 2 horas aproximadamente podrás visitar la laguna y cerro Quilindaña.','UBICADO A 2 KILÓMETROS HACIA ARRIBA DE LA HACIENDA PANSACHI.','tejar.jpg',3,10,1,11);
insert into turismo (id,name,description,direccion,foto,categoria_id,subcategoria_id,canton_id,parroquia_id) values (1000122,'RUTA ÁREA NACIONAL EL BOLICHE','Desde Latacunga hasta el área nacional el boliche recomendable viajar en vehículo, óptimo para realizar actividades de ciclismo y caminatas.','AREA DE RECREACIÓN EL BOLICHE.','ruta_boliche.jpg',3,11,1,50);
insert into turismo (id,name,description,direccion,foto,categoria_id,subcategoria_id,canton_id,parroquia_id) values (1000123,'RUTA CERRO PUTZALAHUA','ESte Cerro se encuentra en el refugio putzalahua hasta la cima del putzalahua la distancia es aproximada a 2 km.','2 KM DEL REFUGIO PUTZALAHUA.','ruta_putzalahua.jpg',3,11,1,14);
insert into turismo (id,name,description,direccion,foto,categoria_id,subcategoria_id,canton_id,parroquia_id) values (1000124,'RUTA QUILOTOA','Desde Latacunga hasta laguna del quilotoa recomendable viajar en vehiculo duración del viaje 3 horas se caracteriza por sus paisajes esencial para realizar caminatas en ciertos puntos.','PUEBLO DE ZUMBAHUA, 17 KM AL SUR.','ruta_quilotoa.jpg',3,10,3,27);

insert into turismo (id,name,description,direccion,foto,categoria_id,subcategoria_id,canton_id,parroquia_id) values (1000125,'EDIFICIO DE LA UNIVERSIDAD DE LAS FUERZAS ARMADAS','El edificio de la actual Universidad de la Fuerzas Armadas de Latacunga es una de las más representativas de la cuidad,tantopor su historia,por su diseño cnstructivo proveniente de la época colonial de Latacuga que albergó una fábrica de pólvera.Casa de Artes y Oficios,el Centro de Apredizaje Industrial,el Instituto Tecnológico Superior del Ejércio(ITSE) y como último la ESPE-L,sus paredes han sido testigos de varias gestas patrióticas de la Independecia,donde la pólvora de Latacunga,sirvió para libar varios enfrentamientos armados. Está contruido en base a piedra y piedra pómez con corredores de 3 m de ancho,piso de piedra,cubierta de teja,ventanas y puertas de madera.Sus arcos son de piedra pómez al igual que sus pilares, con jardinez ornamentales anexos y un edificio,espacios deportivos y sociales de la actualidad Universidad de la Fuerzas Armadas.','Se encuentra ubicado en las calles Márquez de Maenza y Quijano y Ordoñez de la Cuidad de Latacunga,a una altitud de 2786 m.s.n.m','espe.png',1,3,1,1);
insert into turismo (id,name,description,direccion,foto,categoria_id,subcategoria_id,canton_id,parroquia_id) values (1000126,'MOLINOS MONSERRAT','El edificio fue contruido por los Jesuitas 1676,remodelado en 1736 y 1967 por la Casa de la Cultura Núcleo Cotopaxi,en su tiempo este conjunto arquitectonico aprovechaba el caudal del río Yanayacu para el funcionamiento de un molino de granos, razón por lo cual se construyeron canales,acueductos y represas de piedra,diseñados estrictamente para su buen funcionamiento. En esta construcción de piedra caliza que ha resistido a las erupciones del volcán Cotopaxi,actualmente funciona el Museo Etnográfico que consta de tres salas: arte popular, arqueologico y folklor.Existe adicionalmente una pinacotaca para la exhibición y exposición permanete de artes plásticas. Al interior del museo, detrás de las nuevas escalinadas,se encuetra la imagen dela Virgen de Monserrat hecha sobre piedra,se aprecia que la Virgen sostiene a 2 niños, un niño sentando sobre su brazo izquierdo y otro niño de pie tras del primero.En el Edificio funciona tambien una biblioteca,un ágora,dos módulos dedicados a talleres para teatro,pintura,titeres,dibujo y cursos de modelaje,oficinas administrativas entre otras espacios.','Se encuentra ubicado en el centro de Latacunga en ls Calles Antonia Vela y General Maldonado,a una altitud de 27772 m.s.n.m','molinos.png',2,3,1,1);
insert into turismo (id,name,description,direccion,foto,categoria_id,subcategoria_id,canton_id,parroquia_id) values (1000127,'PARQUE VICENTE LEÓN','En el sitio donde se desarrollon las campañas libertadoras, tiene un diseño octagonal sobre la cual en 1900 se trazaron vías peatonales y jardinez,en torno a lo que antiguamete sería una gran pileta,en 1925 se colocó un monumento en honor a Vicente León,filántropo de la ciudad,que fue realizado en Italia,ya que lleva el nombre de este llustre benegactor Latacungueño. Actualmente es un parque remodelado sobre su diseño original,pues consta de diferentes trabajos donde se puede observar que el zócalo es de piedra andesita blanca de cantera,conjuntamente posee un cercado de hierro forjado que lo circunda,al contado sur del parque se encuentra la Catedral,a su alrededor están también los edificios de la Gobernación de la Provincia y el Edificio Municipal','Está ubicado en el corazón de la Cuidad de Latacunga,entre las calles Fernando Sánchez de Orellana y Padre Manuel Salcedo,a una altitud de 2786 m.s.n.m','parque.png',1,3,1,1);
insert into turismo (id,name,description,direccion,foto,categoria_id,subcategoria_id,canton_id,parroquia_id) values (1000128,'EDIFICIO DE LA GOBERNACIÓN DE COTOPAXI','Es un edificio de dos plantasen el cual se ha utilizado material volcánico como piedra pómez conjuntamente con pidra de agua, tapia,adobe, y madera, su contrucción se inició en 1910 y concluyó por 1936. En la parte exterior,con vista al parque,se encuentra un parque,se encuentra un pasaje que recorre casi toda la cuadra,soportado por gruesos pilares,la contrucción se presenta como un bloque de dos niveles,teniendo como base en su perimetro exterior las columnas del primer pso.La Parte alta de la segunda planta está terminada por un dintel que sirve debase al Escudo Nacional.El Edificio ha albergado durante los último años a las fuciones y servicios gubernamentales,principalmente las oficionas d la Gobernación de Cotopaxi,yactualmente,se enceuntra en proceso de rehabilitacion como bien patrimonial.','Se encuentra al costo occidental del parque Vicente León,entre las Calles Quito y General Maldonado de la Cuida de Latacunga, a una altitud de 2785 m.s.n.m','gobernacion.png',1,3,1,1);
insert into turismo (id,name,description,direccion,foto,categoria_id,subcategoria_id,canton_id,parroquia_id) values (1000129,'EDIFICIO DEL COLEGIO VICETE LEÓN','Fue Creado por el presidente Juan José Flores el 7 de mayo de 1840 y fue inagurado el 24 de mayo de 1977,siendo Rector el Lcdo.Oswaldo Rivera Villavicencio.El conjunto se alza sobre una manzana del centro histórico de la cuidad,a una cuadra de parque con el mismo nombre.Mantiene u estilo sobrio y con rasgos de líneas conventuales de finales del siglo XVIII,con un ambiente armónico y de preposo,tipico de los claustros durante esa época.El segundo ivel se alza en el interior a partit de un juego de columnas dóricas.Reluce allí el busto del filántropo Dr.Vicente León,consagrado a armonizar eternamente la ciencia y la cultura.Adicionalmente.las instalaciones son de gran relevancia,ya en sus claustros se educaron ilustres y sobresalientes hombres de la provinca y del país,como Ignacio de Ventimilla,Antonio Flores Jijón,General Alberto Enríquez Gallo,General Guillermo Lara,Juan Montalvo,BelisarioQuevedo,entre otros personajes.','El edificio está ubicado en la calle Belisario Quevedo,entre Padre Manuel Salcedo y General Maldonado de la Ciudad de Latacunga a 2786 m.s.n.m ','colegio.png',1,3,1,1);
insert into turismo (id,name,description,direccion,foto,categoria_id,subcategoria_id,canton_id,parroquia_id) values (1000130,'ESTACIÓN DEL TREN LATACUNGA','La Estación de Tren de Latacunga es una de las paradas ferroviarias más tradicionales el Ecuador.Fue inagurada el 22 de junio de 1907,con la llegada de un tren que partió desde Quito.Desde ese fecha,se destacó por ser el puntointermedio entre Guayaquil y la capital, tambien por ser uno de los centro de acopio y distribución de productos agrícolas como la papa,maiz,cebolla,zanahoriay frutas típicas de la región interandina. Actualmente,la estación está restaurada y habilitada en la ruta de la Avenida de los Volcanes,operada por la Empresa de Ferrocarriles del Ecuador Empresa Pública-FEEP que de jueves a domingo,da vida a esta terminal trayendo visitantes desde la estación de Chimborazo en Quito,pasando por Machachi y El Boliche,antes de arribar a Latacunga,En los Exteriores se puede encontrar diferentes tipos de artesanias en quioscos creados para este fin.','Se encuentra ubicada en la Cuidad de Latacunga,parroquiaurbana Eloy Alfaro,auna altitud de 2693 m.s.n.m.','ten.png',1,3,1,3);
insert into turismo (id,name,description,direccion,foto,categoria_id,subcategoria_id,canton_id,parroquia_id) values (1000131,'HACIENDA SAN AGUSTIN DEL CALLO','Constituye un espacio rico en historia,arqueología y de una vista privilegiadahacia el volcán Cotopaxi,se conoce que desde el siglo XV ha sido utilizada como fortaleza y palacio Inca,convenio Agustino y morada de la Misión Geodésica Francesa,residencia y hostería,tal es así,que está formada por varios espacios de estilo Inca Imprerial(palacios y templos del siglo XV),Español-Colonial siglo XVIII y Republicano Siglo XIX. La hacienda pertenece a la familia plaza a partit del año 1921 en que fue comprada por el Gneral Leonidas Plaza Gutiérrez,lider de la Revolución Liberal y presidente del Ecuador 1901 y 1912,al igual que su hijo Galo Plaza(1948).Actualmente contruye una importante Hosteria en el centro del pais,administrada por Mignon Plaza, su nieta,donde se brinda servicios de alojamiento,alimentación,recreación,aprovechamiento de su majestuosidad y paisajismo.','Se encuentra ubicada a 10 kilometros del centro parroquial de Mulaló en el Cantón Latacunga,a una altitud de 3076 m.s.n.m','callo.png',1,3,1,8);
insert into turismo (id,name,description,direccion,foto,categoria_id,subcategoria_id,canton_id,parroquia_id) values (1000132,'HACIENDA TILIPUI','Esta contrucción del XVII,constituyó un punto importante  para el desarrollo mercantily textil,ya que funcionaba como un obraje.La edificación está por las columnas redondas en los corredores.Además cuenta con una iglesiacolonial,deominada como "Santuario de además cuenta con una iglesia colonial,denominada como "Santuario" de construida en piedra pómez.material del que está hecha la edificación completa.Cuenta con un patiode piedra que permita el acceso a un pozo de agua cristalina,el reloj de sol.yel sistema de filtradode agua de piedra pómez con carbón. Hoy en dia parte de las instalaciones funcionan como museo del GAD Latacunga ya que pasó a ser de su propiedad desde el añoi de 1979, y actualmente se encontra bajo su administración a través de la Dirección de Cultura.','Se ecuentra ubicada a 1 kilometro del centro parroquia de Poaló del Cantón,a una altitud de 2904 m.s.n.m.','tilipulo.png',1,3,1,12);
insert into turismo (id,name,description,direccion,foto,categoria_id,subcategoria_id,canton_id,parroquia_id) values (1000133,'HOSTERIA LA CIÉNEGA','Fue contruida a finales del siglo XV sobre un área pantanosa,es por eso que la contrucción de piedra volcánica de 2 m de espesor,ha resistido los diferentes terremotos que ha sufrido la región durante 400 años.El conjunto principal rodea un jardín interior y una pileta de agua,frenteal área de ingreso se encuentra la Capilla de Nuestra Señora del Rosario.La primera escritura data de 1695 a nombre de Maestre de Campo Don Matheo de la Escalera y Velasco.Hacia el año de 1742,visitaron la hacienda los tres académicos franceses:Carlos Maria de la Condamine,Pedro Bouger y Luis Godín ,en su misión de determinar la verdadera forma de la tierra y su magnitud,quienes entablaron una gran amistad con los Marqués de Maenza,Propietario de La Ciénega en ese entonces,en donde se alojaron,con el ánio tambien de observafr del cerca las erupciones del Cotopaxi.Por la misma época conoció La Ciénega el padre Jesuita Mario Cicala,quién la describe como "una inmesa y riquisima haciendaperteneciente al Marqués de Maenza" y por el año de 1802 La Ciénega tuvo como huésped al ilustre Alexander Von Humboldt.Actualmente sus instalación se encuentran restauradas para recibir visitantes nacionale e internacionales como servicios de alojamiento,restaurantes,bar.','Se encuentra ubicada a 3 kilometros de a Parroquia Tanicuchi del Cantón latacuga,a una altitud de 2919 m.s.n.m','cienega.png',1,2,1,9);
insert into turismo (id,name,description,direccion,foto,categoria_id,subcategoria_id,canton_id,parroquia_id) values (1000134,'CENTRO HISTORICO DE LATACUNGA','El Centro Histórico es una reunion de elemtos constructivos y arquitectónicos coloniales levantados a partir de la conquista española,nombrado Patrimonio Cultural del Ecuador en 1982, y comprede conjuntos arquitetónicos de gran testimonio y significancia histórica como:La Catedral,el Templo del Salto,el Templo de Santo Domingocon su plazoleta cuyo valor histórico es reconocido ya que allí los patriotas dominaron a las fuerzas españolas y sellaron la Independencia,el templo de la Merced,los Molinos Monserrat (Casa de la Cultura Núcleo de Cotopaxi),entre los edificios republicanos se destaca el de "Casa de Arte y oficios" (Universidad de la Fuerzas Armadas),dondefuncionó la primera fábrica de pólvora de Ecuador.Abarca alrededor de 30 manzanas en torno al Parque Vicente León,donde se hallan las edificaciones coloniales y republicanas más antiguas dela ciudad que datan del siglo XIX,guardando un trazado dameral(tablero da damas chinas).','Se encuentra en el centro de la Ciudad de Latacunga a una altitud de 2786 m.s.n.m','centro.png',1,3,1,1);
insert into turismo (id,name,description,direccion,foto,categoria_id,subcategoria_id,canton_id,parroquia_id) values (1000135,'CATEDRAL DE LATACUNGA','Esua de las edificaciones más representativas de Latacunga,proviene de la época colonial,a mitad del siglo XVII y destruida por el terremoto de 1768,la nueva edificación reconstruida data 1830.En su interior se presenta a un altar trabajado en piedra pómez.posee obras artisticas e imágenes de la épaca de la colonia,la contrucción es de estilo romántico,en el torreón se aprecia un conjunto de campanarios,en los retablos laterales se encuentran las imágenes de la Santísima Virgen,bajo la advocación de El Carmen con el Niño en los brazos y la imagen de San José,patrono de la iglesia.Uno de los aportes del siglo XIX a la contrucción es el pretil de artesania popular,adicionalmente en 1975 fue intervenida para realizar trabajos de restauración y ornamentación.','Se encuetra ubicada en el centro histórico del Cantón Latacunga frente al Parque Vicente León entre las calles General Maldonado y Quito,a una altitud de 2786 m.s.n.m','catedral.jpg',1,3,1,1);
insert into turismo (id,name,description,direccion,foto,categoria_id,subcategoria_id,canton_id,parroquia_id) values (1000136,'IGLESIA LA MERCED','Es el lugar donde se encuentra la Virgen protectora del Volcán "Virgen de La Merced".Su edificación inició en 1648,mediante la solicitud a Felipe VI,construida sobre el plano de una cruz latina de una sola nave con dos cruceros.En el altafr se encuetra una Virgen Mestiza con cabellos humanos muy largos y es conocida como la Virgen del Volcán,sostiene en su brazo izquierdo a Jesús y en el derecho sujeta un cetro. El altar decorado con latécnica de pa de oro.de estilo barroco y bizantino,en una de las paredes se encuentra una imagen que representa la protección de la Virgen a la ciudad de Latacunga de 2 cm de ancho por 2,1 m de altura.las paredes son decoradas con pinturas y vitrales de tipo ojiva.','Se ecuntra ubicada en la parroquia urbana la Matriz del Cantón Latacunga,a una altitud de 2789 m.s.n.m en el centro histórico de la ciudad.','merced.jpg',1,3,1,1);
insert into turismo (id,name,description,direccion,foto,categoria_id,subcategoria_id,canton_id,parroquia_id) values (1000137,'IGLESIA DE SAN AGUSTIN','El templo actual se edificó en 1850,después de la destrucción de varias edificaciones,conocidas iicialmente como San Bernabé, y fue configurado por una sola nave con dos cruceros y una capilla.dos torres gemelas y una cúpula,semejantea la de San Pedro en Roma,laelaboración  instalación de obras pictóricas y esculturales duró 20 años.La iglesia de San Agustín, fue l centro de la campaña de evangelización y adoctrinamiento católico para la ciudad de Latacunga.se conoce que en 1820,su convento estuvo ocupado por Fuerzas militares españolas,sirvio de cuartel a una fracción del batallón.Los Andes cuando se dilucidó la independencia de la ciudad,el Once de Novienbre.En el interior del templo se encuentra un altar mayor con una réplica de la Virgen del Quinche y San Agustín.el altar está contruido en madera y pan de oro,el crucero oeste contiene la escultura del Señor de Los DEsamparados y el crucero este la escultura de "El señor de la Buena Esperanza",el coro de la Iglesia está provisto de un órgano de tubos.','Se ecneutra ubicada en la parroquia urbana La Matriz del Cantón Latacunga,a una altitud de 2785 m.s.n.m en elcentro historico de la ciudad.','agustin.png',1,3,1,1);
insert into turismo (id,name,description,direccion,foto,categoria_id,subcategoria_id,canton_id,parroquia_id) values (1000138,'IGLESIA DE SAN FRANCISCO','Un templo construido a inicios del siglo XVII,dedicándole un sitio espacial para el culto de la Inmaculada Conceptual,su construcción data de 1583,la historia narra que concluyó hacia 1620,de su edificio original solo quedó su cúpula ovalada,que fue restaurada en la década de los 60s,cuando se construyó,su ueva nave y fachada principal,esta fue trabajada en piedra pómez tallada con un atractivo campanario con dinteles donde se encuentra una gran campana de bronce.','Se enutra ubicada entre las calles Generales Manuel Maldonado y Manuel de Jesús Quijano y Ordóñez,a una altitud de 2786 m.s.n.m en el centro histórico de la Ciudad de Latacunga','francisco.png',1,3,1,1);
insert into turismo (id,name,description,direccion,foto,categoria_id,subcategoria_id,canton_id,parroquia_id) values (1000139,'IGLESIA DE NUESTRA SEÑORA DEL SALTO','La iglesia fue contruida para la veneración de "Nuestra Señora  del Salto",que según la historia apareció entre San Blas y la plaza del Barrio Caliente,cuando las máegenes del río permitían cruzarlo de un salto.donde cierto dia un hombre encontró en el anverso de una piedra una imagen de la Virgen coloreada artisticamente,por los que reverentes a su fe afirmaron que era un milagro de la Señora a la que le bautizaron como "La Peregrina del Salto",la preciosa Perla de Tacunga.En 1710 se contruyó una iglesia improvisada y en 1797 se deterioró gravemente la capilla por lo que se la volvió a rescontruir con dimenciones más reducida en el siglo XIX.','Se encuentra ubicada en el centro de la Cuidad de Latacunga entre las callesJuan Able Echeveria y Antonio Clavijo,a una altitud de 2787m.s.n.m','salto.png',3,11,1,14);
insert into turismo (id,name,description,direccion,foto,categoria_id,subcategoria_id,canton_id,parroquia_id) values (1000140,'IGLESIA DE SANTO DOMINGO','La construcción fue levantada en los años 1634-1635,originalmente tenía una sola torre y la forma de una cruz,era una capilla dedicada a Nuestra Señora del Rosario,atrona de los Terremotos,la eligió en 1690 su devoto el general Luis Sotomayor y Pimentel,justamente esa edificación perdura como iglesia principal.La plazoleta contigua,denominada Once de Noviembre,testificó la gesa heroica de 1820,cuando los patriotas en supremo intento,franquearon el cuartel realista Los Andes,proclamaron jubilosos la Indepencia de Latacunga.Urbanísticamente Santo Domingo en 1600 comprendia uno de los 9 sectores en que la ciudad estaba dividida,en el cual cada uno tenia como centro una iglesia y un convenio.','Se encuentra ubicada en el centro histórico de la Cuidad de Latacunga,entre las calles Guayaquil,Quito y Juan Abel Echeverría,a una altitud de 2789m.s.n.m','domingo.png',3,11,1,14);

insert into turismo (id,name,description,direccion,foto,categoria_id,subcategoria_id,canton_id,parroquia_id) values (1000141,'PIRÁMIDES DE BOMBOLÍ','Se pude apreciar tres montañas con forma espiralada (churos) una a continuación de otra en forma de rondador, asentado en un territorio de aproximadamente 5 hecáreas. En el piso se puede apreciar una gran cantidad de pedazos de cerámica (posiblemente de ollas, tiestos, vasijas). En la cima del choro superior hay una cavidad de 1,50 m y formaciones similares a gradas que se encuentran cubiertas por pasto lo que hace pensar que posiblemente fue un templo de adoraci{on Inca o Peinca, tiene un estio de construcción similar al Churo de Amanta ubicado cerca de la parroquia de Chugchilán. Actualmente no cuenta con facilidades, sin embargo es un sitio de gran relevancia y fácil acceso.','Se encuentra ubicado a 8 km del centro parroquial de  Las Pampas en el recinto Piedra Colorada a una altitud de 2456 m.s.n.m.','bomboli.jpg',1,3,7,41);
insert into turismo (id,name,description,direccion,foto,categoria_id,subcategoria_id,canton_id,parroquia_id) values (1000142,'CAMINO DEL INCA','El Capac Ñan (vía principal), fue el eje principal del sistema vial del Imperio Inca. Utilizado durante el apogeo de su estado imperial para enlazar los cuatro suyos o regiones de lo andes: Chinchaysuyo (Norte, Andes de p{aramo), Collasuyo (Sur, Andes de Puna), Contisuyo (Oeste, Costa pacífica) y Antisuyo (Este, Amazonía). En esta zona se observa la vía construida para el transito de personas y animales como las llamas o alpacas, superando las dificultades de la topografía andina, a través de un "sendero" que proviene desde e lado oriental (parroquia Toacaso9, en su comienzo sigue el perfil de la monaña por el horizonte y progresivamente se aproxima de manera zigzagueante acoplándose a la forma de la montaña, este sitio está ubicado sobre los 290 m.s.n.m., en la zona de transición de páramos y tierras bajas, sin embargo varios remanentes de esta importante conexión vial.','Se encuentra ubicado 14 km de la cabecera cantonal de Sigchos a 2900 m.s.n.m.','caminodelinca.jpg',1,3,7,47);
insert into turismo (id,name,description,direccion,foto,categoria_id,subcategoria_id,canton_id,parroquia_id) values (1000143,'CHURO DE SAN GABRIEL','Se encuentra dentro de la hacienda San Gabriel en un recorrido de 7 km hasta llegar a la casa hacienda, y junto a esta sobre una pequeña elevación se observa plataformas de tierra, de tres niveles altos y dos niveles inferiores, delimitados por un canal de 2 m de ancho por 1 a 2 m de profundidad, en la base superior hay un hoyo (reservorio) con medidas aproximadas de 10 a 15 m de diámetro, con 5 m de profundidad, cuya base es de forma ovalada. Además se encuentran tres plataformas de 5 m por 7 m, en donde se encuentran dispersas piedras calizas y piedra roja taladas, hacia el lad norte, en el lado occidental, en la zona baja de la coordillera, se pede observar un bosque nublado, mientras que al lad oriental se encuentra una colina con restos del Camino del Inca, que viene desde Sigchos y se conecta con el Churo de Amanto ubicado junto a Chugchilán.','Ubicado a 17 km de Sigchos, el llamado Pucará o Churo de San Gabriel se encuentra dentro de la hacienda del mismo nomre, a unos 200 m de la casa hacienda, a una altitud de 3575 m.s.n.m.','churosangabriel.jpg',1,3,7,40);
insert into turismo (id,name,description,direccion,foto,categoria_id,subcategoria_id,canton_id,parroquia_id) values (1000144,'CERRO AMANTA (CHUROLOMA)','Según los historiadores, esta fue una fortaleza Inca y posteriormente un fortín de combate contra la invación española. Sus características de construcción posiblemente estén relacionadas con las Ruinas de Malqui (la última morada del Inca Atahualpa) y el Sitio Arqueológico Machay. En su cumbre se encuentran ruinas de piedra en forma de cruz, su forma de churo es dada por zanjas y pasos peatonales que permita cruzarlas, con una profundidad entre 2,50 m y 1,80 m y un ancho de aproximadamente de 1 m. Forma parte del bosque nublado de Amanta, a 500 m desde la vía carrozable, la zona está cubierta de pajonal. No se han encontrado vestigios de cerámica. Está incluido en los paquetes turísticos que las operadoras de turísmo de la Ciudad de Latacunga.','Se encuentra ubicado en el Cantón Sigchos, a 17 km de la cabecera parroquial de Chugchilán, a una altura de 3614 m.s.n.m.','cerroamanta.jpg',1,3,7,40);
insert into turismo (id,name,description,direccion,foto,categoria_id,subcategoria_id,canton_id,parroquia_id) values (1000145,'EL CHURO','Son restos de construcción e intervenciones en a montaña, las mismas que se asemejan a un churo, que medido desde sus puntos más extremos, en la base tiene aproximadamente 400 m de longitud y su ancho más representativo es de 80 m. Todo el lugar tiene una orientación oeste-este y se la identifica como una de las fortalezas que en la antiüedadformaron parte del sistema defensivo de Angamarca, llamadas también Pucará. Se evidiencian varias terrazas elipticas o circulares concéntricas artificiales, delimitadas y sostenidas por muros de tierra y piedra, canales que rodean las cumbres de las montañas y restos de construcción en plataformas de hasta 6 m de ancho con taludes que llegan hasta 2 m de altura y siguen el contorno de la montaña.','Se encuentra ubicado en la cordillera accidental, al lado sur de la Paroquia Angamarca, a 9 km de la cabecera parroquial, a una altitud de 3755 m.s.n.m.','elchuro.jpg',1,3,3,22);
insert into turismo (id,name,description,direccion,foto,categoria_id,subcategoria_id,canton_id,parroquia_id) values (1000146,'TOLAS DE SOLONSO','Dando muestra de la historia, en un recorrido relativamente corto entre las parroquias Guasaganda y Pucayacu se identifican alrededor de 40 montículos muy bien definidos de diferentes alturas y radios, denominados tolas, las mismas que representan una evocación del asentamiento de diferentes poblaciones antiguas en la zona. Entre los principales puntos, se ubica el sector de Solonso, con un conjunto de tolas representativas, en una colina en propiedad privada, constituidas por 2 hileras de 8 montículos pequeños a cada lado, que rodean a dos montículos mayores, todos estos orientados con dirección sur - norte, cuyo propietario indica que en las noches se observa en el lugar "una llama" encendidad y se han encontrado vasijas con ceniza, muñecos de cerámica y piedras labradas, muchas de estas piezas se habrían extraviado por la intervención de huaqueros.','Se encuentra ubicado a 30 km del Cantón de La Maná, en la Parroquia Pucayacu, a una altitud de 495 m.s.n.m.','solonso.jpg',1,3,4,29);
insert into turismo (id,name,description,direccion,foto,categoria_id,subcategoria_id,canton_id,parroquia_id) values (1000147,'HACIENDA MALQUI','Se cree que en este lugar se asentaba el pueblo que tenía la misión de cuidar la momia del último Inca Atahualpa (Malqui). En el interior de la casa hacienda de estilo moderno, se puede observar lo que sería una fábrica artesanal de producción de licor y panela que data de hace 100 años. Actualmente forma parte del proyecto cultural Malqui-Machay, conjuntamente con la Hacienda Machay y denominado como sitio de interés cultural por el Instituto Nacional de Patrimonio Cultural (INPC).','Se encuentra ubicada a 34 km del Cantón La Maná, en la parroquia Guasaganda, a una altitud de 863 m.s.n.m.','malqui.png',1,3,4,28);
insert into turismo (id,name,description,direccion,foto,categoria_id,subcategoria_id,canton_id,parroquia_id) values (1000148,'PROYECTO ARQUELÓGICO MACHAY','Se dice que este sitio fue la última morada del Inca Atahualpa luego de la violenta muerte que sufriera en el Cusco en manos de los caudillos españoes, Hasta el año 2000 se desconocìa que el conjunto de piedras ubicado en la hacienda forma parte de la edificaciòn arqueològica que contenìa los restos del Inca, segùn lo afirma Tamara Estupiñan (investigadora y arqueóloga). Machay significa santuario en el que se encuentra el Malqui (momia). En el sitio se han encontrado pedazos de cerámica, que datan de la época del pueblo Inca y una construcción hecha en piedra de río, la cual se cree era el centro de adoración, además del complejo sistema subterráneo y aéreo de canales de agua de los multiples vestigios de construcciones Incas que se han descubierto en nuestro país, ésta es una de las pocas ubicadas en el sub-trópico y actualmente  forma parte del proyecto cultural Malqui-Machay, inventario como sitio de interés por el Instituto Nacional de Patrimonio Cultural (INPC) con estudios topográficos por parte del Ministerio de Cultura y Patrimonio, actualmente se encuentra en deterioro y requieres de una intervención urgente para su conservación','Se encuentra ubicado al nororiente de la parroquia Guasaganda, a una hora de La Maná, a una altitud de 957 m.s.n.m.','machay.jpg',1,3,4,28);
insert into turismo (id,name,description,direccion,foto,categoria_id,subcategoria_id,canton_id,parroquia_id) values (1000149,'COLECCIÓN DE PIEZAS ARQUEOLÓGICAS DEL ARQ. GERMÁN ALBÁN','El Arq. Germán Albán, es una persona con mucho conocimiento e interés por coleccionar piezas arqueológicas e investigar su procedencia, desde hace más de 20 años ha ido coleccionando diferentes objetos arquelógicos encontrados en la zona de La Maná, su colección no ha sido cuantificada, ni en número ni características, ya que día a día va obteniendo más piezas, desde piedras de diferentes formas, figuras de barro con formas humanas y de animales, objetos utilitarios y ornamentos metálicos, entre otros. Se cuenta que: "Un grupo de buscadores de oro liderados por el ingeniero Guillermo Sotomayor que se había enternado en las selváticas montañas de La Maná por 1984, descubrió en una zona que en la década de los 80s había sido objeto de exploción de oro por medios mecánicos, un profundo túnel que conducía hasta un enorme recinto en el cual se halaron unos 300 artefactos de piedra de procedencia y edad desconocida", esta ha sido una de las motivacionese inicios de la colección.','Se encuentra ubicado en el centro cantonal de La Maná, a una altitud de 215 m.s.n.m.','germanalban.png',1,3,4,32);
insert into turismo (id,name,description,direccion,foto,categoria_id,subcategoria_id,canton_id,parroquia_id) values (1000150,'MUSEO MUNICIPAL LA MANÁ','La colección suma alrededor de 40 piezas clasificadas por períodos, incluye fragmentos de ollas ornitoformas, cuencos fitomorfos, cuencos decorativos-zoomorfos, platos con soporte anular, ollas con soporte trípode, compoteras, silbatos de figuras antropomorfas, entre otras, de acuerdo a las investigaciones arqueológicas en la cuenca norte del Guayas realizadas entre 1992 al 2000 por el proyecto Valencia - Quevedo - La Maná, dieron como resultado la identificación de diferentes tipos de tolas, viviendas, áreas agrícolas, ceremoniales y basurales con asentamientos poblacionales del período Formativo (Valdivia y Chorrera), Desarrollo Regional (Guangala - Daule Tejar), e Integración (Yungas y Tsáchilas), la colección en mención ha sido datada por medio del proceso de carbono 14 y se los ubica en la temporalidad de 2500 A.C., las figuras arqueológicas pertenecen a los Huancavilcas y Tsáchilas, aunque algunas piezas son de otras generaciones y tribus muy antiguas. A partir de la gestión del Municipio ante el Banco Central en Guayaquil para la "devolución" de las piezas arqueológicas a La Maná estas se mantienen en exposición en el GAD Municipal bajo el cuidado del Departamento de Cultura.','Se encuentra ubicado en el centro cantonal de La Maná a una altitud de 212 m.s.n.m.','museolamana.png',1,3,4,32);
insert into turismo (id,name,description,direccion,foto,categoria_id,subcategoria_id,canton_id,parroquia_id) values (1000151,'IGLESIA DE SIGCHOS','La Iglesia Matriz del cantón Sigchos tiene una edificación de arte románica, cuenta con una dimensión aproximada de 50 m de longitud, por 16 m de ancho, el piso del presbiterio es de azulejado que asemejo a piedras naturales, el piso de la nave central de color crema y las paredes son de ladrillo visto. En el interior de la iglesia se puede apreciar los cuadros de las estaciones del viacrucis en las paredes, 6 ventanas en la parte superior y una cúpula rodeada de ventanales, al lado izquierdo se encuentra una pila bautismal, y al lado derecho se ubican los instrumentos musicales, en la parte baja del presbiterio existen detalles de madera, en el centro se encuentra la cede, con 16 asientos de madera tallada para los co-celebrantes, la mesa de celebración y el ambón son de piedra, posee soportes de madera para los arreglos florales, al igual que la mayoría de ornamentos, y a los lados en la part superior, así como al ingreso sobre la puert principal, se encuentra un ventanal circular con una cruz en el centro y la inscripción "J.H.S."','Se encuentre ubicada en la cabecera cantonal de Sigchos a una altitud de 2887 m.s.n.m.','iglesiasigchos.jpg',1,3,7,47);
insert into turismo (id,name,description,direccion,foto,categoria_id,subcategoria_id,canton_id,parroquia_id) values (1000152,'IGLESIA MATRIZ DE PUJILÍ','La Igesia Matriz de Pujilí es un edificio de estilo románico, considerada como una de las cuatro más antiguas del país, su construcción se inició en 1680 y concluye treinta añas más tarde, ubicada frente al parque central de la cabecera cantonal, que cmparte el espacio con el edificio municipal y varias casas patrimoniales formando un conjunto de única belleza. Por su especial estilo de construncción el templo es visitado por estudiantes de arquitectura de las universidades del país para admirar y estuduiar el diseño del templo, la iglesia fue severamente afectada por los terremotos de 1949 y 1996, pero aún conserva su estructura original. En una de las intervenciones técnicas del Instituto Nacional de Patrimonio Cultural (INPC) para su rereconstrucción se hallaron asamentas humanas.','Se encuentra ubicada en la parte céntrica del Cantón Pujilí junto al parque, a una altitud de 2956 m.s.n.m.','matrizpujili.jpg',1,3,3,46);





insert into lugar ( id,nomlugar,acontecimiento,mes,canton_id) values (10001,'CANTÓN LA MANÁ','CARNAVAL','Febrero-Marzo',4);
insert into lugar ( id,nomlugar,acontecimiento,mes,canton_id) values (10002,'CANTÓN LA MANÁ','FIESTAS DE CANTONIZACIÓN','19 de Mayo',4);
insert into lugar ( id,nomlugar,acontecimiento,mes,canton_id) values (10003,'CANTÓN LA MANÁ','FIESTAS PATRONALES DE SAN VICENTE','05 de Abril',4);
insert into lugar ( id,nomlugar,acontecimiento,mes,canton_id) values (10004,'CANTÓN LA MANÁ','MES DE LA CULTURA Y EL ARTE','Septiembre',4);

insert into lugar ( id,nomlugar,acontecimiento,mes,canton_id) values (10005,'MULALÓ','LA CAPITANIA Y LA YUMBADA','Marzo-Abril',1);
insert into lugar ( id,nomlugar,acontecimiento,mes,canton_id) values (10006,'PASTOCALLE,ONCE DE NOVIEMBRE,GUAYTACAMA','FIESTAS DE SAN JUAN','Junio',1);
insert into lugar ( id,nomlugar,acontecimiento,mes,canton_id) values (10007,'LATACUNGA','CANTONIZACIÓN DE LATACUNGA','25 de Junio',1);
insert into lugar ( id,nomlugar,acontecimiento,mes,canton_id) values (10008,'ALÁQUEZ','FIESTAS SAN ANTONIO DE PADURA','13 de Junio',1);
insert into lugar ( id,nomlugar,acontecimiento,mes,canton_id) values (10009,'SAN BUENAVENTURA','FIESTAS DEL DR.SAN BUENAVETURA','Julio',1);
insert into lugar ( id,nomlugar,acontecimiento,mes,canton_id) values (10010,'BELISARIO QUEVEDO','FIESTAS DE SAN BERTALOMÉ','24 de Agosto',1);
insert into lugar ( id,nomlugar,acontecimiento,mes,canton_id) values (10011,'TANICUCHI','FIESTAS PARONALES SAN LORENZO','Agosto',1);
insert into lugar ( id,nomlugar,acontecimiento,mes,canton_id) values (10012,'POALÓ','FIESTAS DEL SEÑOR DE MACA','Septiembre',1);
insert into lugar ( id,nomlugar,acontecimiento,mes,canton_id) values (10013,'LATACUGA','EXPRESIÓN CULTURAL RELIGIOSA.MAMA NEGRA','Septiembre',1);
insert into lugar ( id,nomlugar,acontecimiento,mes,canton_id) values (10014,'CUICUNO','FIESTAS DEL SEÑOR DEÑ ÁRBOL','Septiembre',1);
insert into lugar ( id,nomlugar,acontecimiento,mes,canton_id) values (10015,'LATACUNGA','IDEPENDENCIA DE LATACUNG-DESFILE FOLKLÓRICO DE LA MAMA NEGRA','Noviembre',1);

insert into lugar ( id,nomlugar,acontecimiento,mes,canton_id) values (10016,'MORASPUNGO','CARNAVAL CULTURAL','Febrero-Marzo',5);
insert into lugar ( id,nomlugar,acontecimiento,mes,canton_id) values (10017,'EL CORAZÓN','CANTOIZACIÓN PANGUA','01 de Junio',5);
insert into lugar ( id,nomlugar,acontecimiento,mes,canton_id) values (10018,'PAMÓN CAMPAÑA','FIESTAS DE SAN ANTONIO','Junio',5);
insert into lugar ( id,nomlugar,acontecimiento,mes,canton_id) values (10019,'EL CORAZÓN','REENCUENTRO PANGUENSE','10 de Agosto',5);
insert into lugar ( id,nomlugar,acontecimiento,mes,canton_id) values (10020,'EL CORAZÓN,PINLLOPATA ','VIRGEN DE LAS MERCEDES','23-24 de Septiembre',5);
insert into lugar ( id,nomlugar,acontecimiento,mes,canton_id) values (10021,'PINLLOPATA','FINADOS','Noviembre',5);
insert into lugar ( id,nomlugar,acontecimiento,mes,canton_id) values (10022,'PINLLOPATO','FIETAS DE LA CHINAS Y CAPORALES','Diciembre',5);

insert into lugar ( id,nomlugar,acontecimiento,mes,canton_id) values (10023,'ISINCHE','SANTOS REYES','Enero',3);
insert into lugar ( id,nomlugar,acontecimiento,mes,canton_id) values (10024,'APAHUA','FIESTAS DEL AGUA Y LOS PÁRAMOS','Enero',3);
insert into lugar ( id,nomlugar,acontecimiento,mes,canton_id) values (10025,'LA VICTORIA','FIESTAS DE LA CERÁMICA','Febrero',3);
insert into lugar ( id,nomlugar,acontecimiento,mes,canton_id) values (10026,'APAUA','FIESTAS DE CORPUS CRISTI','Junio',3);
insert into lugar ( id,nomlugar,acontecimiento,mes,canton_id) values (10027,'PUJILI,PINLLOPATA ','CORPUS CHRISTI','Junio',3);
insert into lugar ( id,nomlugar,acontecimiento,mes,canton_id) values (10028,'ZUMBAHUA','FIESTAS DE CORPUS CRISTI','Junio',3);
insert into lugar ( id,nomlugar,acontecimiento,mes,canton_id) values (10029,'ANGAMARCA','SAN PEDRO Y SAN PABLO','29 de Julio',3);
insert into lugar ( id,nomlugar,acontecimiento,mes,canton_id) values (10030,'EL TINGO','FIESTAS DEL SEÑOR DE LA BUNA ESPERANZA-PARROQUIZACIÓN','10 de Agosto',3);
insert into lugar ( id,nomlugar,acontecimiento,mes,canton_id) values (10031,'LA VICTORIA','FIESTAS DE LA VIRGEN DE LAS VICTORIAS','15 de Agosto',3);
insert into lugar ( id,nomlugar,acontecimiento,mes,canton_id) values (10032,'ANGAMARCA','FIESTAS DE SAN AGUTIN','28 de Agosto',3);
insert into lugar ( id,nomlugar,acontecimiento,mes,canton_id) values (10033,'PUJILI','CANTONIZACIÓN DE PUJILI','Octubre',3);
insert into lugar ( id,nomlugar,acontecimiento,mes,canton_id) values (10034,'PUJILI ,LA VICTORIA','FINADOS','Noviembre',3);
insert into lugar ( id,nomlugar,acontecimiento,mes,canton_id) values (10035,'PUJILI','FIESTAS DEL NIÑO DE ISINCHE','Diembre',3);
insert into lugar ( id,nomlugar,acontecimiento,mes,canton_id) values (10036,'ANGAMARCA','FIESTAS DE LOS CAPORALES','Diciembre',3);

insert into lugar ( id,nomlugar,acontecimiento,mes,canton_id) values (10037,'PANZALEO','FIESTAS DEL SEÑOR DE PANZALEO','Febrero',2);
insert into lugar ( id,nomlugar,acontecimiento,mes,canton_id) values (10038,'CUSUBAMBA','FIESTAS DE SAN ANTONIO','Junio',2);
insert into lugar ( id,nomlugar,acontecimiento,mes,canton_id) values (10039,'MLALILLOS','FIESTAS DE SAN PEDRO Y SAN PABLO','Junio',2);
insert into lugar ( id,nomlugar,acontecimiento,mes,canton_id) values (10040,'MULLIQUINDUL','FIESTAS DE SANTA ANA','28 de Julio',2);
insert into lugar ( id,nomlugar,acontecimiento,mes,canton_id) values (10041,'SAN MIGUEL ','CANTONIZACIÓN DE SALCEDO','19 de Septiembre',2);
insert into lugar ( id,nomlugar,acontecimiento,mes,canton_id) values (10042,'SAN MIGUEL','FIESTAS DEL PRICIPE SAN MIGUEL','29 de Septiembre',2);
insert into lugar ( id,nomlugar,acontecimiento,mes,canton_id) values (10043,'PANZALEO','FIESTAS DE LA MATANZA DE LA YUMBA','24 de Diciembre',2);
insert into lugar ( id,nomlugar,acontecimiento,mes,canton_id) values (10044,'MULALILLO','FIESTAS DE NAVIDAD','Diciembre',2);
insert into lugar ( id,nomlugar,acontecimiento,mes,canton_id) values (10045,'MULALILLO','FIESTAS DE AÑO VIEJO','Diciembre',2);

insert into lugar ( id,nomlugar,acontecimiento,mes,canton_id) values (10046,'TODAS LAS PARROQUIAS','FIESTAS DE LA VIRGEN DEL QUINCHE','Febrero',6);
insert into lugar ( id,nomlugar,acontecimiento,mes,canton_id) values (10047,'CHANTILLIN','FIESTAS DE LAS CRUCES','Mayo',6);
insert into lugar ( id,nomlugar,acontecimiento,mes,canton_id) values (10048,'TODAS LAS PARROQUIAS','FIESTAS DE SAN JUAN BAUTISTÁ','Junio',6);
insert into lugar ( id,nomlugar,acontecimiento,mes,canton_id) values (10049,'SAQUISILI','CANTONIZACIÓN DE SAQUISILI','18 de Octubre',6);
insert into lugar ( id,nomlugar,acontecimiento,mes,canton_id) values (10050,'CHANTILLIN','FIESTA DEL CAPITÁN CUASIMODO','Diciembr',6);

insert into lugar ( id,nomlugar,acontecimiento,mes,canton_id) values (10051,'SIGCHOS,PALO QUEMADO,ISINLIVI','SEMANA SANTA','Marzo-Abril',7);
insert into lugar ( id,nomlugar,acontecimiento,mes,canton_id) values (10052,'SIGCHOS','FIESTAS DE SAN ANTONIO','Junio',7);
insert into lugar ( id,nomlugar,acontecimiento,mes,canton_id) values (10053,'CHUGCHILÁN','FIESTAS DE SAN PEDRO Y SAN PABLO','Junio',7);
insert into lugar ( id,nomlugar,acontecimiento,mes,canton_id) values (10054,'ISILIVI','FIESTAS DE SANTA ANA','Junio',7);
insert into lugar ( id,nomlugar,acontecimiento,mes,canton_id) values (10055,'SIGCHOS ','CANTONIZACIÓN DE SALCEDO','2 de Julio',7);
insert into lugar ( id,nomlugar,acontecimiento,mes,canton_id) values (10056,'SIGCHOS','FIESTAS DEL PRICIPE SAN MIGUEL','20 de Septiembre',7);
insert into lugar ( id,nomlugar,acontecimiento,mes,canton_id) values (10057,'TODAS LAS PARROQUIAS','FIESTAS DE LA MATANZA DE LA YUMBA','Noviembre',7);

# --- !Downs


delete from subcategoria;
delete from turismo;
delete from parroquia;
delete from canton;
